,Neighborhood,City,Latitude,Longitude
0,Yuqiao,Beijing,39.8988199,116.6708138
1,Shigezhuang,Beijing,39.931943200000006,116.55767970000001
2,Beitaipingzhuang,Beijing,39.973639500000004,116.36384440000002
3,Yongdingmenwai,Beijing,39.866794299999995,116.392354534124
4,Jinding Avenue,Beijing,39.93497670000001,116.3890064
5,Guangming,Beijing,39.883203,116.43819270000002
6,Xinhua,Beijing,39.9063193,116.379708174536
7,Xincun,Beijing,39.87639205,116.616602798726
8,Andingmen,Beijing,39.94822815,116.401322017236
9,Xiluoyuan,Beijing,39.8545374,116.379580660933
10,Jingshan,Beijing,39.92429445,116.390466887949
11,Binhe,Beijing,39.76703320000001,116.318778962457
12,Chaowai,Beijing,39.9255761,116.436194
13,Sanlitun,Beijing,39.9361049,116.4488126
14,Chengguan,Beijing,39.9981954,116.2748075
15,Dongsi,Beijing,39.92905379999999,116.41499650000002
16,Fengtai,Beijing,39.8571176,116.2804172
17,Xueyuan Road,Beijing,39.9811552,116.3475152
18,Xisanqi,Beijing,40.056784,116.31714009999999
19,Zuojiazhuang,Beijing,39.9534253,116.4334455
20,Shichahai,Beijing,39.9359528,116.39006470000001
21,Taoranting,Beijing,39.8774533,116.36809280000001
22,Guoyuan,Beijing,39.8487896,116.3976058
23,Haidian,Beijing,39.9580718,116.292405
24,Longshan,Beijing,40.31206295,116.619931328655
25,Shuangjing,Beijing,39.8920933,116.4552314
26,Huayuan Road,Beijing,39.9691776,116.3594087
27,Taipingqiao,Beijing,39.9171914,116.35852290000001
28,Malianwa,Beijing,40.0315401,116.2658838
29,Beixinqiao,Beijing,39.939383500000005,116.41087009999998
30,Xiaoguan,Beijing,39.9141622,116.4105446
31,Qinghe,Beijing,40.0399526,116.3089629
32,Xingfeng,Beijing,39.7440726,116.3331755
33,Datun,Beijing,40.5617365,117.0421811
34,Nanyuan,Beijing,39.7933065,116.3732966
35,Tiancun Road,Beijing,39.930052,116.23959409999999
36,Dayu,Beijing,40.3974221,117.04820079999999
37,Anzhen,Beijing,39.968379799999994,116.40038432461901
38,Dongzhimen,Beijing,39.94156575,116.42856632052201
39,Niujie,Beijing,39.88437225,116.35841418755301
40,Bajiao,Beijing,39.91548770000001,116.20084579999998
41,Shiyuan,Beijing,39.843960100000004,116.69037990000001
42,Dongfeng,Beijing,39.9450024,116.49375659999998
43,Tiantan,Beijing,39.87986825,116.40294984511002
44,Donghuashi,Beijing,39.8962061,116.42770279999999
45,Qingyuan,Beijing,39.73417565,116.297864386902
46,Yuetan,Beijing,39.9126362,116.3372956
47,Xiangheyuan,Beijing,39.952672,116.4419518
48,Liulitun,Beijing,39.9269016,116.48043700000001
49,Heping Avenue,Beijing,39.330092799999996,115.8186139
50,Pingguoyuan,Beijing,39.9248412,116.1719439
51,Lugouqiao,Beijing,39.8636968,116.30306759999999
52,Tiangongyuan,Beijing,39.6687841,116.3138995
53,Shuguang,Beijing,39.9672013,116.44716969999999
54,Huoying,Beijing,40.070440999999995,116.3539423
55,Fatou,Beijing,39.859574,116.5057156
56,Xiangshan,Beijing,39.9929148,116.1979479
57,You'anmen,Beijing,39.86136870000001,116.359426907358
58,Linxiao Road,Beijing,39.7121979,116.3278513
59,Financial Street,Beijing,39.9160815,116.35311589999999
60,Tiantongyuannan,Beijing,40.0651231,116.4065063
61,Lugu,Beijing,39.9006727,116.2051255
62,Jiaodaokou,Beijing,39.9342715,116.40249299999999
63,Qianmen,Beijing,39.8987591,116.3916409
64,Tuanjiehu,Beijing,39.932201299999996,116.45560659999998
65,Donghuamen,Beijing,39.913812,116.395197583658
66,Qinghuayuan,Beijing,39.9811384,116.33316289999999
67,Wanshou Road,Beijing,39.9116662,116.2890817
68,Jianwai,Beijing,39.90363189999999,116.44774296721901
69,Wangjing,Beijing,39.991863200000004,116.4600088
70,Shangdi,Beijing,40.0317646,116.31408429999999
71,Zizhuyuan,Beijing,39.941129700000005,116.31231685903799
72,Chengnan,Beijing,40.29903035,116.637321425681
73,Zhanlan Road,Beijing,39.9208534,116.3385615
74,Longtan,Beijing,40.2632549,116.07563600000002
75,Xinjiekou,Beijing,39.9394726,116.36135759999999
76,Yayuncun,Beijing,39.9924549,116.40036909999999
77,Maizidian,Beijing,39.94989520000001,116.46224740000001
78,Dahongmen,Beijing,39.844012899999996,116.3922626
79,Gucheng,Beijing,39.90614229999999,116.1844475
80,Majiapu,Beijing,39.8516387,116.36509299999999
81,Chaoyangmen,Beijing,39.924997399999995,116.42887900000001
82,Huilongguan,Beijing,40.069480799999994,116.3298907
83,Chengzi,Beijing,40.5801055,117.1289452
84,Ganjiakou,Beijing,39.921679100000006,116.3288857
85,Guang'anmennei,Beijing,39.8885681,116.351727
86,Xilu,Beijing,39.918324299999995,116.4633936
87,Guang'anmenwai,Beijing,39.8886979,116.3224337
88,Xingcheng,Beijing,39.712232799999995,116.05513549999999
89,Yangfangdian,Beijing,39.8960467,116.314986
90,Panjiayuan,Beijing,40.330303,116.6283762
91,Babaoshan,Beijing,39.90623529999999,116.2296298
92,Laoshan,Beijing,39.91277695,116.20739035160801
93,Balizhuang,Beijing,39.9229425,116.2917298
94,Changxindian,Beijing,39.8361823,116.2029594
95,Jiuxianqiao,Beijing,39.96707620000001,116.4836705
96,Jianguomen,Beijing,39.9071023,116.42872279999999
97,Hepingli,Beijing,39.9484891,116.419087
98,Gulou,Beijing,40.367087700000006,116.83464850000001
99,Hujialou,Beijing,39.921980700000006,116.4557482
100,Yongding Road,Beijing,39.8987846,116.2586986
101,Tianqiao,Beijing,39.8812136,116.3922937
102,Datai,Beijing,39.9649841,115.9358668
103,Heyi,Beijing,39.813652000000005,116.3959362
104,Xiangyang,Beijing,39.9614152,115.91934440000001
105,Zhongguancun,Beijing,39.9826335,116.3104743
106,Xiangshuiyuan,Beijing,40.46520345,115.987434900469
107,Guanyinsi,Beijing,39.72518865,116.342683375845
108,Dashilan,Beijing,39.8944985,116.39017199999999
109,Beiyuan,Beijing,40.041644299999994,116.42831509999998
110,Tiyuguan Road,Beijing,39.8826951,116.42046100000002
111,Ostend,Frankfurt,50.1159353,8.72054636793775
112,Gallus,Frankfurt,50.10365845,8.63670648468984
113,Schwanheim,Frankfurt,50.082954799999996,8.57867983191661
114,Harheim,Frankfurt,50.18558935,8.690445460181671
115,Bahnhofsviertel,Frankfurt,50.10774145,8.66873601221096
116,Fechenheim,Frankfurt,50.12561975,8.75764981003691
117,Mainhattan,Frankfurt,50.1106444,8.682091699999999
118,Sachsenhausen,Frankfurt,50.1002618,8.6835988
119,Riederwald,Frankfurt,50.1263722,8.73392440477122
120,Ginnheim,Frankfurt,50.14506905,8.649152931926661
121,Bergen-Enkheim,Frankfurt,50.1576717,8.76255510785864
122,Eckenheim,Frankfurt,50.15156345,8.68237112573952
123,Griesheim,Frankfurt,50.10196989999999,8.59995959799628
124,Dornbusch,Frankfurt,50.14717045,8.669728689732551
125,Rödelheim,Frankfurt,50.12754395,8.60627805861801
126,Kalbach-Riedberg,Frankfurt,50.17340885,8.6419484994945
127,Sossenheim,Frankfurt,50.121086600000005,8.57331436636195
128,Innenstadt,Frankfurt,50.11287765,8.674921962131151
129,Bonames,Frankfurt,50.18235405,8.66409650339045
130,Flughafen,Frankfurt,50.04303025,8.567283919206
131,Hausen,Frankfurt,50.13470325,8.62750717118274
132,Nieder-Eschbach,Frankfurt,50.201333899999995,8.66714625072703
133,Berkersheim,Frankfurt,50.1711657,8.70119132512906
134,Höchst,Frankfurt,50.0976871,8.53844921885897
135,Gutleutviertel,Frankfurt,50.0978128,8.65076020625548
136,Unterliederbach,Frankfurt,50.1096205,8.52286237955801
137,Niederursel,Frankfurt,50.16898715,8.62234834505413
138,Praunheim,Frankfurt,50.147194799999994,8.616736652903791
139,Altstadt,Frankfurt,50.11104545,8.682935726985411
140,Westend,Frankfurt,50.118164,8.662588900000001
141,Nied,Frankfurt,50.1025967,8.57050189934911
142,Frankfurter Berg,Frankfurt,50.17066305,8.67565802894848
143,Seckbach,Frankfurt,50.1434285,8.725886099999999
144,Zeilsheim,Frankfurt,50.09750985,8.4960465922122
145,Oberrad,Frankfurt,50.098790799999996,8.72740333345432
146,Europaviertel,Frankfurt,50.1083286,8.6346455
147,Bankenviertel,Frankfurt,50.110589000000004,8.672952
148,Nordend,Frankfurt,50.1249136,8.67795
149,Niederrad,Frankfurt,50.08647665,8.63952576210809
150,Eschersheim,Frankfurt,50.1612049,8.66261247862046
151,Bockenheim,Frankfurt,50.12236065,8.637531996930129
152,Bornheim,Frankfurt,50.13305575,8.71493241229322
153,Preungesheim,Frankfurt,50.1534246,8.69908389304919
154,Sindlingen,Frankfurt,50.077589200000006,8.51172312566463
155,Nieder-Erlenbach,Frankfurt,50.2087835,8.706799922024059
156,Heddernheim,Frankfurt,50.15820405,8.64150708079413
157,Ngau Tau Kok,Hong Kong,22.31551165,114.219092318285
158,Tsim Sha Tsui East,Hong Kong,22.2971803,114.17220490000001
159,Marina Cove,Hong Kong,22.3576557,114.257545727652
160,Yau Ma Tei,Hong Kong,22.312364600000002,114.170778874557
161,Clear Water Bay,Hong Kong,22.28467135,114.296271472559
162,Leung Shuen Wan,Hong Kong,22.361714000000003,114.3504669
163,Mo Tat,Hong Kong,22.209289399999996,114.1455376
164,Sheung Wan,Hong Kong,22.2868701,114.150267
165,Tui Min Hoi,Hong Kong,22.3773431,114.27093049999999
166,Ting Kok,Hong Kong,22.4728279,114.2193946
167,Gold Coast,Hong Kong,22.37185395,113.98944450903
168,King's Park,Hong Kong,22.310571799999998,114.1742986
169,Tiu Keng Leng / Rennie's Mill,Hong Kong,22.3040753,114.25237050000001
170,Wah Fu,Hong Kong,22.25260545,114.136967724393
171,Sai Ying Pun,Hong Kong,22.286120999999998,114.1420862
172,Kwai Chung,Hong Kong,22.363336399999998,114.12497549999999
173,Tin Wan,Hong Kong,22.2503533,114.14926470000002
174,Kau Sai Chau,Hong Kong,22.36154245,114.312527453147
175,Metro City Plaza,Hong Kong,22.3242203,114.2569568
176,Caroline Hill,Hong Kong,22.2765367,114.186479
177,Tai Hang,Hong Kong,22.277203600000004,114.1937838
178,Shun Lee Estate,Hong Kong,22.33267315,114.224016403986
179,Wu Kai Sha,Hong Kong,22.4291708,114.243982680896
180,Siu Lam,Hong Kong,22.368612699999996,114.0122483
181,Tsz Wan Shan,Hong Kong,22.3486715,114.1999443
182,Mid-Levels,Hong Kong,22.2824052,114.14580900000001
183,Choi Wan Estate,Hong Kong,22.333457100000004,114.21466670000001
184,Sheung Shui,Hong Kong,22.5014146,114.12870330000001
185,Shun Chi Court,Hong Kong,22.33219225,114.226762998545
186,Chai Wan,Hong Kong,22.26478335,114.237238369322
187,Hang Hau,Hong Kong,22.4146875,114.1955564
188,Wong Chuk Hang,Hong Kong,22.3828264,114.3584881
189,Big Wave Bay,Hong Kong,22.2442841,114.24953049999999
190,Tsing Yi,Hong Kong,22.344419,114.09898192840099
191,Ha Tsuen,Hong Kong,22.446064899999996,113.9943636
192,City One Shatin,Hong Kong,22.38661755,114.203511767598
193,Lok Ma Chau,Hong Kong,22.51496955,114.065639806328
194,Ngau Chi Wan,Hong Kong,22.3362135,114.21212849999999
195,Central District,Hong Kong,22.2813223,114.16025790000002
196,Sai Wan Ho,Hong Kong,22.2816256,114.22228940000001
197,Tai Po Kau,Hong Kong,22.4360371,114.1909115
198,Cyberport,Hong Kong,22.260696799999998,114.130286314354
199,Sha Tin Wai,Hong Kong,22.37698205,114.195026996523
200,Aberdeen,Hong Kong,22.2487691,114.15595400000001
201,Kornhill,Hong Kong,22.2825515,114.2166966
202,Kei Ling Ha Lo Wai,Hong Kong,22.410659600000002,114.2741215
203,The Peak,Hong Kong,22.269916600000002,114.15066670000002
204,Man Kam To,Hong Kong,22.5390257,114.1294537
205,Yuen Long,Hong Kong,22.442646300000003,114.03043419999999
206,Tai Tam,Hong Kong,22.1639181,114.2622643
207,A Kung Ngam,Hong Kong,22.2808608,114.23384490000001
208,Shap Sze Heung,Hong Kong,22.4233286,114.25850520000002
209,Yau Yat Chuen,Hong Kong,22.331030300000002,114.17446029999999
210,Quarry Bay,Hong Kong,22.287754500000002,114.21493219999999
211,Whampoa Garden,Hong Kong,22.3050958,114.19061040000001
212,Siu Sai Wan,Hong Kong,22.263727300000003,114.25020790000002
213,Ngau Chi Wan Village,Hong Kong,22.3360284,114.208023462943
214,Prince Edward,Hong Kong,22.32458615,114.168281508252
215,Peng Chau,Hong Kong,22.2860717,114.044371072817
216,Shap Pat Heung,Hong Kong,22.4281307,114.02978909999999
217,Chek Lap Kok,Hong Kong,22.30699405,113.91824247479201
218,Lau Fau Shan,Hong Kong,22.4673719,113.98415200000001
219,Causeway Bay,Hong Kong,22.280208,114.18484070000001
220,Lam Tin,Hong Kong,22.30669805,114.232935225949
221,Lung Kwu Tan,Hong Kong,22.38878,113.921412073407
222,Nai Chung,Hong Kong,22.4306701,114.2576778
223,Chinese University of Hong Kong,Hong Kong,22.4202695,114.20786343863199
224,Ping Che,Hong Kong,22.5254728,114.1625031
225,Ngong Ping,Hong Kong,22.2557793,113.90434040000001
226,LOHAS Park,Hong Kong,22.2956555,114.26877160000001
227,Tai Po Tsai,Hong Kong,22.337290499999998,114.2591895
228,Jardine's Lookout,Hong Kong,22.266356,114.1983331
229,Yam O,Hong Kong,22.324465399999998,114.0220143
230,Tsing Lung Tau,Hong Kong,22.362387,114.0453034
231,Hoi Ha Wan,Hong Kong,22.47100685,114.33537273709801
232,San Hui,Hong Kong,22.4002367,113.9780398
233,Jordan Valley,Hong Kong,22.326832100000004,114.22184979999999
234,Fanling,Hong Kong,22.4946255,114.1382744
235,Ma Liu Shui,Hong Kong,22.4135688,114.2101033
236,Science Park,Hong Kong,23.1690699,113.4474125
237,Taikoo Shing,Hong Kong,22.28759825,114.21520735567499
238,Amoy Gardens,Hong Kong,22.3246268,114.21645846705299
239,Closed Area,Hong Kong,22.305869199999997,114.2554885
240,Ocean Park,Hong Kong,22.24869615,114.17449904217399
241,Sai Wan,Hong Kong,22.399086399999998,114.37284509999999
242,Tseng Lan Shue,Hong Kong,22.3360401,114.23819740000002
243,Tung Lung Chau,Hong Kong,22.24827475,114.28949987476001
244,Braemar Hill,Hong Kong,22.2864177,114.20644170000001
245,Happy Valley,Hong Kong,22.267236999999998,114.18696709999999
246,Tung Chung,Hong Kong,22.2892575,113.94149102803001
247,Pat Heung,Hong Kong,22.436723699999998,114.0915473
248,Kwu Tung,Hong Kong,22.504270899999998,114.1028452
249,Hang Hau Village,Hong Kong,22.32101555,114.26681300418699
250,Repulse Bay,Hong Kong,22.2381085,114.1963176
251,Stanley,Hong Kong,22.2143908,114.21591289999999
252,Yung Shue Ha,Hong Kong,22.1996449,114.1406301
253,Kowloon Bay,Hong Kong,22.323485100000003,114.21410195240699
254,Tseung Kwan O Industrial Estate,Hong Kong,22.284648999999998,114.271717
255,Tai Po,Hong Kong,22.4494017,114.1711328
256,Tung Tau Estate,Hong Kong,22.3345509,114.191797244396
257,Olympian City,Hong Kong,22.31643265,114.161605846872
258,Tai Wo Hau Estate,Hong Kong,22.3673675,114.12395762941799
259,Tai O,Hong Kong,22.2541524,113.86361969999999
260,Lo Wai,Hong Kong,22.4974378,114.151758
261,Shun On Estate,Hong Kong,22.3284563,114.226110426891
262,Heng Fa Chuen,Hong Kong,22.27785875,114.240264469279
263,Sham Shui Po,Hong Kong,22.32819,114.1608545
264,Tai Tong,Hong Kong,22.5458496,114.4302904
265,Ma Wan,Hong Kong,22.34912675,114.05821880791599
266,Cheung Chau,Hong Kong,22.2096137,114.029637050045
267,Tai Wo Estate,Hong Kong,22.451053899999998,114.16237272898701
268,Chi Ma Wan,Hong Kong,22.24152925,114.00497565925801
269,Penny's Bay,Hong Kong,22.3218026,114.033868
270,Lamma Island,Hong Kong,22.20944115,114.149767382913
271,Siu Ho Wan,Hong Kong,22.310816600000003,113.9944179
272,Ping Chau,Hong Kong,22.54580705,114.428314555753
273,Plover Cove,Hong Kong,22.46167445,114.23193267081699
274,Kowloon City,Hong Kong,22.3301595,114.1899368
275,Tin Hau,Hong Kong,22.2822771,114.1919173
276,Pok Fu Lam,Hong Kong,22.2613573,114.13680890000002
277,Jordan,Hong Kong,22.3048099,114.17171572242701
278,Yau Tong,Hong Kong,22.297504699999998,114.2383245
279,Lai King,Hong Kong,22.34836685,114.126076347497
280,Hung Hom,Hong Kong,22.3028568,114.18203242951
281,Shui Bin Tsuen,Hong Kong,22.3215242,114.26811950000001
282,Hung Shing Yeh,Hong Kong,22.220046300000003,114.1194257
283,Pak Sha Chau,Hong Kong,22.37473735,114.28547385435199
284,Kowloon Peak,Hong Kong,22.3406401,114.22333529999999
285,Northeast Lantau Island,Hong Kong,22.27153845,113.94427515705401
286,Ting Kau,Hong Kong,22.3692331,114.0785595
287,Tung Tsz,Hong Kong,22.4726255,114.200116692893
288,Long Ping Estate,Hong Kong,22.4503126,114.023852285653
289,Kowloon Tsai,Hong Kong,22.333290899999998,114.18297279999999
290,Mui Wo,Hong Kong,22.264544600000004,114.0013059
291,Pui O,Hong Kong,22.2426323,113.97760490000002
292,Ho Man Tin,Hong Kong,22.315901800000002,114.1800713
293,San Po Kong,Hong Kong,22.3385456,114.1973986
294,Yung Shue Wan,Hong Kong,22.22557,114.11171170000001
295,Kennedy Town,Hong Kong,22.28131165,114.12916039816601
296,Kwun Chung,Hong Kong,22.3043596,114.17070559999999
297,Pat Sin Leng,Hong Kong,22.50055465,114.210392120458
298,Ap Lei Chau,Hong Kong,22.2412104,114.1541361
299,Siu Lek Yuen,Hong Kong,22.3818388,114.21652179999998
300,Lin Ma Hang,Hong Kong,22.5511514,114.181112100593
301,Sha Tau Kok,Hong Kong,22.545633399999996,114.2237125
302,Choi Hung Estate,Hong Kong,22.335458,114.206231048981
303,So Kwun Wat,Hong Kong,22.375436399999998,114.0037965
304,Ta Kwu Ling,Hong Kong,22.5385085,114.15799209999999
305,Shek O,Hong Kong,22.230753600000003,114.25103659999999
306,Mai Po,Hong Kong,22.4997773,114.05210359999998
307,Chung Hom Kok,Hong Kong,22.2182618,114.20476049999999
308,Ma Tau Kok,Hong Kong,22.3215362,114.19326809999998
309,Mong Kok,Hong Kong,22.3197491,114.1693644
310,Sai Kung Town,Hong Kong,22.382248899999997,114.2728277
311,Tai Kok Tsui,Hong Kong,22.3207508,114.1603513
312,Kwan Tei,Hong Kong,22.509368600000002,114.1603388
313,Aldrich Bay,Hong Kong,22.2824457,114.2215064
314,Sha Tin,Hong Kong,22.3810557,114.18887920000002
315,Soho,Hong Kong,22.560687899999998,114.09667209999999
316,Deep Water Bay,Hong Kong,22.2445,114.1881
317,Mei Foo Sun Chuen,Hong Kong,22.3375208,114.14012016099701
318,Diamond Hill,Hong Kong,22.34003055,114.20160909603901
319,Tsim Sha Tsui,Hong Kong,22.298872,114.17411809999999
320,Tin Shui Wai,Hong Kong,22.459611199999998,114.0022375
321,Ping Shan,Hong Kong,22.44288,114.01203899999999
322,Fu Tei,Hong Kong,22.412868399999997,113.98042920000002
323,Telegraph Bay,Hong Kong,22.264063699999998,114.13003
324,North Point,Hong Kong,22.2916575,114.19954469999999
325,Pik Uk,Hong Kong,22.3436823,114.245818
326,San Tin,Hong Kong,22.5023728,114.0695271
327,Kiu Tsui Chau,Hong Kong,22.3673128,114.287249662975
328,Hin Keng Estate,Hong Kong,22.36342275,114.172297938949
329,Lai Chi Kok,Hong Kong,22.3365244,114.14806913757401
330,Sham Tseng,Hong Kong,22.368619600000002,114.05880390000002
331,Fo Tan,Hong Kong,22.39518655,114.19812289123301
332,Tuen Mun,Hong Kong,22.390826500000003,113.97316869999999
333,Sok Kwu Wan,Hong Kong,22.2047065,114.13127050000001
334,Kowloon Tong,Hong Kong,22.336213,114.17991049999999
335,Po Toi O,Hong Kong,22.27596195,114.294217193202
336,Pak Kok,Hong Kong,22.3724267,113.96084259999999
337,Shek Kong,Hong Kong,22.426544699999997,114.10888500000001
338,Au Tau,Hong Kong,22.3295341,114.24431580000001
339,Fu Shan Estate,Hong Kong,22.342813500000002,114.20871831639
340,Hong Lok Yuen,Hong Kong,22.4627952,114.156273629976
341,Yuen Chau Kok,Hong Kong,22.383484699999997,114.19903909999998
342,Tai Lam Chung,Hong Kong,22.3700988,114.0244388
343,Shek Kip Mei,Hong Kong,22.331809200000002,114.1688018
344,Shek Tong Tsui,Hong Kong,22.287735,114.1345987
345,Ma On Shan,Hong Kong,22.423232199999998,114.2318017
346,Kwai Fong Estate,Hong Kong,22.359373100000003,114.129455138876
347,Wang Tau Hom,Hong Kong,22.340423100000002,114.18657420000001
348,Tai Po Industrial Estate,Hong Kong,22.45676425,114.18651391332399
349,Lo Wu,Hong Kong,22.528975199999998,114.113266370006
350,Po Lam Estate,Hong Kong,22.325535000000002,114.25497769871099
351,Sau Mau Ping,Hong Kong,22.319585699999998,114.23206370000001
352,Tai Wai,Hong Kong,22.373070600000002,114.178887389217
353,Lo So Shing,Hong Kong,22.2052893,114.124949
354,Lok Fu Estate,Hong Kong,22.337153100000002,114.186966688633
355,Cha Kwo Ling,Hong Kong,22.3030622,114.2286659
356,Tsuen Wan,Hong Kong,22.3716605,114.1134699
357,Ma Tau Wai,Hong Kong,22.324115300000003,114.18637859999998
358,Junk Island,Hong Kong,22.2772916,114.2690649
359,Nam Long Shan,Hong Kong,22.2418327,114.1733845
360,Kau To Shan,Hong Kong,22.409122,114.19176609999998
361,Discovery Bay,Hong Kong,22.2973688,114.01652800000001
362,Mang Kung Uk,Hong Kong,22.313654500000002,114.2770741
363,Heng On Estate,Hong Kong,22.41682355,114.228910127536
364,Pak Shek Kok,Hong Kong,22.427506100000002,114.2023539
365,To Kwa Wan,Hong Kong,22.3167582,114.1895402
366,Wan Chai,Hong Kong,22.2790146,114.17248329999998
367,Ta Ku Ling,Hong Kong,22.346766600000002,114.2526668
368,Yim Tin Tsai,Hong Kong,22.4511127,114.213842
369,Sham Wan,Hong Kong,22.4383693,114.3927792
370,Shun Tin Estate,Hong Kong,22.32585965,114.226523574266
371,Cheung Sha Wan,Hong Kong,22.3355145,114.15616809999999
372,Ho Chung,Hong Kong,22.355837899999997,114.2462995
373,Yeung Chau,Hong Kong,22.46192255,114.221524868136
374,Kwun Tong,Hong Kong,22.312936999999998,114.22561
375,Admiralty,Hong Kong,22.2789208,114.16449820000001
376,Fortress Hill,Hong Kong,22.287563100000003,114.1933149
377,Nam Cheong Estate,Hong Kong,22.32605105,114.15777074937999
378,Stonecutters Island,Hong Kong,22.321913199999997,114.13831709999998
379,Shau Kei Wan,Hong Kong,22.2790972,114.2286665
380,Tung O,Hong Kong,22.1950145,114.1390063
381,Kam Tin,Hong Kong,22.4392714,114.06549050000001
382,Sandy Bay,Hong Kong,22.268311899999997,114.1251763
383,Ping Shek Estate,Hong Kong,22.33287405,114.209100962472
384,Tai Au Mun,Hong Kong,22.2952708,114.292165
385,Kwai Hing Estate,Hong Kong,22.36563225,114.13254298167801
386,Barking and Dagenham ,London,51.554117100000006,0.150504342619943
387,Barnet,London,51.6487843,-0.17291270000000003
388,Bexley,London,51.4416793,0.150488
389,Brent,London,51.584777700000004,-0.2991803
390,Bromley,London,51.4028046,0.0148142
391,Camden,London,51.5423045,-0.1395604
392,Croydon,London,51.3713049,-0.101957
393,Ealing,London,51.5126553,-0.3051952
394,Enfield,London,51.6520851,-0.08101749999999999
395,Greenwich ,London,51.4820845,-0.0045417
396,Hackney,London,51.5432402,-0.0493621
397,Hammersmith and Fulham ,London,51.492037700000004,-0.22364009999999998
398,Haringey,London,51.58792985,-0.10541010599099
399,Harrow,London,51.5967688,-0.33727515543507003
400,Havering,London,51.54436870000001,-0.144303179891979
401,Hillingdon,London,51.542519299999995,-0.448334931179497
402,Hounslow,London,51.46861320000001,-0.3613471
403,Islington,London,51.538428700000004,-0.09990510000000001
404,Kensington and Chelsea,London,51.4989948,-0.1991229
405,Kingston upon Thames,London,51.4096275,-0.3062621
406,Lambeth,London,51.50130120000001,-0.11728699999999999
407,Lewisham,London,51.4624325,-0.0101331
408,Merton,London,51.41080285,-0.188098505955727
409,Newham,London,51.52999955,0.0293179602938221
410,Redbridge,London,51.5763203,0.0454097
411,Richmond upon Thames,London,51.44035365,-0.308151177673228
412,Southwark,London,51.5029222,-0.103458
413,Sutton,London,51.3575114,-0.173640122600872
414,Tower Hamlets,London,51.49595675,-0.011744492532098
415,Waltham Forest,London,51.556999100000006,-0.0058352
416,Wandsworth,London,51.4570271,-0.1932607
417,Westminster,London,51.501356200000004,-0.12493019999999999
418,Wakefield,New York City,40.894705176609996,-73.84720052054901
419,Co-op City,New York City,40.87429419303012,-73.829939108124
420,Eastchester,New York City,40.887555677350775,-73.82780644716412
421,Fieldston,New York City,40.89543742690383,-73.90564259591682
422,Riverdale,New York City,40.890834493891305,-73.9125854610857
423,Kingsbridge,New York City,40.88168737120521,-73.90281798724605
424,Marble Hill,New York City,40.87655077879964,-73.91065965862981
425,Woodlawn,New York City,40.898272612138044,-73.86731496814177
426,Norwood,New York City,40.87722415599446,-73.8793907395681
427,Williamsbridge,New York City,40.88103887819211,-73.85744642974205
428,Baychester,New York City,40.866858107252696,-73.83579759808117
429,Pelham Parkway,New York City,40.857413498088654,-73.85475564017999
430,City Island,New York City,40.847246704918135,-73.78648845267412
431,Bedford Park,New York City,40.870185164975325,-73.8855121841913
432,University Heights,New York City,40.85572707719664,-73.91041596191309
433,Morris Heights,New York City,40.847897926062714,-73.91967159119567
434,Fordham,New York City,40.86099679638654,-73.89642655981623
435,East Tremont,New York City,40.84269615786053,-73.88735617532338
436,West Farms,New York City,40.839475056726535,-73.87774474910546
437,High  Bridge,New York City,40.836623010706056,-73.92610209358129
438,Melrose,New York City,40.819754370594936,-73.90942160757436
439,Mott Haven,New York City,40.80623874935177,-73.91609987487574
440,Port Morris,New York City,40.80166362775621,-73.91322139386133
441,Longwood,New York City,40.81509904545822,-73.8957882009446
442,Hunts Point,New York City,40.80972987938709,-73.88331505955291
443,Morrisania,New York City,40.823591985855344,-73.90150648943059
444,Soundview,New York City,40.821012197914015,-73.86574609554923
445,Clason Point,New York City,40.80655112003589,-73.85414416189265
446,Throgs Neck,New York City,40.815109258040046,-73.81635002158441
447,Country Club,New York City,40.844245936947374,-73.8240992675385
448,Parkchester,New York City,40.83793782226729,-73.85600310535783
449,Westchester Square,New York City,40.8406194964327,-73.84219407604444
450,Van Nest,New York City,40.84360847124718,-73.86629918075609
451,Morris Park,New York City,40.847549063536334,-73.8504017803042
452,Belmont,New York City,40.857277100738955,-73.88845196134805
453,Spuyten Duyvil,New York City,40.88139497727086,-73.91719048210393
454,North Riverdale,New York City,40.90854282950666,-73.90453054908927
455,Pelham Bay,New York City,40.85064140940335,-73.8320737824047
456,Schuylerville,New York City,40.826579516869224,-73.82620275994074
457,Edgewater Park,New York City,40.82198611816349,-73.81388514428619
458,Castle Hill,New York City,40.81901437698832,-73.84802729582734
459,Olinville,New York City,40.87137078192371,-73.86332361652777
460,Pelham Gardens,New York City,40.862965624779974,-73.84161194831223
461,Concourse,New York City,40.83428380733851,-73.91558941773444
462,Unionport,New York City,40.82977429787161,-73.85053524451935
463,Edenwald,New York City,40.884561303037316,-73.84808271877169
464,Bay Ridge,New York City,40.625801065010656,-74.03062069353813
465,Bensonhurst,New York City,40.61100890202044,-73.99517998380729
466,Sunset Park,New York City,40.64510294925429,-74.01031618527784
467,Greenpoint,New York City,40.7302009848647,-73.95424093127394
468,Gravesend,New York City,40.59526001306593,-73.97347087708445
469,Brighton Beach,New York City,40.57682506566604,-73.96509448785335
470,Sheepshead Bay,New York City,40.58689012678384,-73.9431864048298
471,Manhattan Terrace,New York City,40.61443251335098,-73.95743840559939
472,Flatbush,New York City,40.63632589026677,-73.95840106533903
473,Crown Heights,New York City,40.67082917695294,-73.94329119073582
474,East Flatbush,New York City,40.64171776668961,-73.93610256185836
475,Kensington,New York City,40.64238195800353,-73.98042110559473
476,Windsor Terrace,New York City,40.65694583575104,-73.98007340430172
477,Prospect Heights,New York City,40.67682226225472,-73.9648592426269
478,Brownsville,New York City,40.66394994339755,-73.91023536176606
479,Williamsburg,New York City,40.707144393442505,-73.95811529220926
480,Bushwick,New York City,40.69811611017901,-73.92525797487045
481,Bedford Stuyvesant,New York City,40.68723160772045,-73.94178488690297
482,Brooklyn Heights,New York City,40.69586372272408,-73.99378225496423
483,Cobble Hill,New York City,40.687919722485574,-73.99856139218463
484,Carroll Gardens,New York City,40.68054023107649,-73.99465372828006
485,Red Hook,New York City,40.67625323025089,-74.01275897473559
486,Gowanus,New York City,40.67393114318715,-73.99444087145339
487,Fort Greene,New York City,40.68852726018977,-73.97290574369092
488,Park Slope,New York City,40.67232052268197,-73.97705030183924
489,Cypress Hills,New York City,40.68239101144211,-73.87661596457295
490,East New York,New York City,40.669925700847045,-73.88069863917366
491,Starrett City,New York City,40.64758905230874,-73.87936970045875
492,Canarsie,New York City,40.63556432797428,-73.90209269778966
493,Flatlands,New York City,40.630446043757466,-73.92911302644673
494,Mill Island,New York City,40.606336421685626,-73.90818571777424
495,Manhattan Beach,New York City,40.57791350308657,-73.94353722891886
496,Coney Island,New York City,40.57429256471601,-73.98868295821637
497,Bath Beach,New York City,40.59951870282239,-73.99875221443519
498,Borough Park,New York City,40.633130512758015,-73.99049823044811
499,Dyker Heights,New York City,40.61921945772264,-74.01931375636022
500,Gerritsen Beach,New York City,40.590848433902046,-73.93010170691196
501,Marine Park,New York City,40.60974777989461,-73.93134404108497
502,Clinton Hill,New York City,40.69322942188151,-73.96784306216367
503,Sea Gate,New York City,40.57637537890224,-74.00787311200241
504,Downtown,New York City,40.69084402109802,-73.98346337431099
505,Boerum Hill,New York City,40.68568291209144,-73.98374824115798
506,Prospect Lefferts Gardens,New York City,40.65842001746981,-73.95489867077713
507,Ocean Hill,New York City,40.67840255479536,-73.91306831787395
508,City Line,New York City,40.67856995727479,-73.86797598081334
509,Bergen Beach,New York City,40.615149550453076,-73.89855633630317
510,Midwood,New York City,40.62559589869843,-73.95759523489838
511,Prospect Park South,New York City,40.647008603185185,-73.96261316716048
512,Georgetown,New York City,40.623845244784185,-73.91607483951323
513,East Williamsburg,New York City,40.70849241041548,-73.93885815269195
514,North Side,New York City,40.714822906532014,-73.95880857587582
515,South Side,New York City,40.71086147265064,-73.95800095153331
516,Ocean Parkway,New York City,40.61305976667942,-73.96836678035541
517,Fort Hamilton,New York City,40.61476812694226,-74.03197914537985
518,Chinatown,New York City,40.71561842231432,-73.99427936255978
519,Washington Heights,New York City,40.851902525553044,-73.93690027985234
520,Inwood,New York City,40.86768396449915,-73.92121042203897
521,Hamilton Heights,New York City,40.823604284811935,-73.94968791883366
522,Manhattanville,New York City,40.81693442949779,-73.9573853935188
523,Central Harlem,New York City,40.81597606742414,-73.94321112603905
524,East Harlem,New York City,40.79224946663033,-73.94418223148523
525,Upper East Side,New York City,40.77563857330181,-73.96050763135
526,Yorkville,New York City,40.77592984988488,-73.94711784471826
527,Lenox Hill,New York City,40.76811265828733,-73.9588596881376
528,Roosevelt Island,New York City,40.76215960576283,-73.94916769227953
529,Upper West Side,New York City,40.787657998534854,-73.97705923630603
530,Lincoln Square,New York City,40.773528889421655,-73.98533777001262
531,Clinton,New York City,40.75910089146212,-73.99611936309479
532,Midtown,New York City,40.754691102706225,-73.98166882730305
533,Murray Hill,New York City,40.748303077252174,-73.97833207924127
534,Chelsea,New York City,40.744034706747975,-74.00311633472813
535,Greenwich Village,New York City,40.72693288536128,-73.99991402945902
536,East Village,New York City,40.727846777270244,-73.98222616506415
537,Lower East Side,New York City,40.71780674892765,-73.98089031999291
538,Tribeca,New York City,40.721521967443216,-74.01068328559087
539,Little Italy,New York City,40.71932379395907,-73.99730467208073
540,Soho,New York City,40.72218384131794,-74.0006566695976
541,West Village,New York City,40.73443393572435,-74.00617998126813
542,Manhattan Valley,New York City,40.797307041702865,-73.96428617740655
543,Morningside Heights,New York City,40.807999738165826,-73.96389627905332
544,Gramercy,New York City,40.737209832715,-73.98137594833541
545,Battery Park City,New York City,40.71193198394565,-74.01686930508617
546,Financial District,New York City,40.707107107270474,-74.01066544521271
547,Astoria,New York City,40.76850859335492,-73.91565374304234
548,Woodside,New York City,40.746349088602216,-73.90184166838284
549,Jackson Heights,New York City,40.75198138007367,-73.88282109164366
550,Elmhurst,New York City,40.74404850512202,-73.88165622288388
551,Howard Beach,New York City,40.65422527738487,-73.83813764600279
552,Corona,New York City,40.74238175015667,-73.85682497345258
553,Forest Hills,New York City,40.72526378216503,-73.84447500788983
554,Kew Gardens,New York City,40.705179035414794,-73.82981905825703
555,Richmond Hill,New York City,40.69794731471763,-73.83183321446889
556,Flushing,New York City,40.76445419697846,-73.83177300329581
557,Long Island City,New York City,40.75021734610528,-73.93920223915505
558,Sunnyside,New York City,40.74017628351925,-73.92691617561577
559,East Elmhurst,New York City,40.7640732388309,-73.86704147658772
560,Maspeth,New York City,40.725427374093606,-73.8962171362686
561,Ridgewood,New York City,40.708323156138576,-73.90143517559589
562,Glendale,New York City,40.70276242967838,-73.87074167435605
563,Rego Park,New York City,40.728974094807356,-73.85782686905371
564,Woodhaven,New York City,40.68988687915789,-73.8581104655432
565,Ozone Park,New York City,40.680708468265415,-73.84320266173447
566,South Ozone Park,New York City,40.66854957767195,-73.80986478649041
567,College Point,New York City,40.78490274926021,-73.84304528896125
568,Whitestone,New York City,40.781290766026935,-73.81420216610863
569,Bayside,New York City,40.76604063281064,-73.77427363068671
570,Auburndale,New York City,40.761729549032616,-73.79176243728061
571,Little Neck,New York City,40.7708261928267,-73.73889775580741
572,Douglaston,New York City,40.76684609790763,-73.74249820727329
573,Glen Oaks,New York City,40.74944079974332,-73.71548118999145
574,Bellerose,New York City,40.72857318176675,-73.72012814826904
575,Kew Gardens Hills,New York City,40.722578244228046,-73.82087764933566
576,Fresh Meadows,New York City,40.7343944653313,-73.78271337003264
577,Briarwood,New York City,40.71093547252271,-73.81174822458634
578,Jamaica Center,New York City,40.70465736068717,-73.79690165888289
579,Oakland Gardens,New York City,40.74561857141855,-73.75494976234332
580,Queens Village,New York City,40.718893092167356,-73.73871484578423
581,Hollis,New York City,40.71124344191904,-73.75925009335594
582,South Jamaica,New York City,40.69691125378989,-73.7904261313554
583,St. Albans,New York City,40.694445385223595,-73.75867603727717
584,Rochdale,New York City,40.67521139591733,-73.77258787620906
585,Springfield Gardens,New York City,40.66623049036858,-73.76042092682287
586,Cambria Heights,New York City,40.69277463916085,-73.73526873708028
587,Rosedale,New York City,40.65981643342808,-73.73526079428278
588,Far Rockaway,New York City,40.603134432500894,-73.75497968043872
589,Broad Channel,New York City,40.60302658351238,-73.8200548911032
590,Breezy Point,New York City,40.55740128845452,-73.92551196994168
591,Steinway,New York City,40.7759230156429,-73.90228960391673
592,Beechhurst,New York City,40.79278140360048,-73.80436451720988
593,Bay Terrace,New York City,40.78284280624555,-73.7768022262158
594,Edgemere,New York City,40.595641807368494,-73.77613282391705
595,Arverne,New York City,40.58914394372971,-73.79199233136944
596,Rockaway Beach,New York City,40.58280169684559,-73.82236121088752
597,Neponsit,New York City,40.572036730217015,-73.85754672410826
598,Murray Hill,New York City,40.764126122614066,-73.81276269135866
599,Floral Park,New York City,40.74137842194544,-73.70884705889245
600,Holliswood,New York City,40.7209572076444,-73.7671416671473
601,Jamaica Estates,New York City,40.71680483014613,-73.7872269693666
602,Queensboro Hill,New York City,40.7445723092867,-73.82580915110559
603,Hillcrest,New York City,40.723824901829204,-73.79760300912672
604,Ravenswood,New York City,40.761704526054146,-73.93157506072878
605,Lindenwood,New York City,40.66391841925139,-73.84963782402441
606,Laurelton,New York City,40.66788389660247,-73.74025607989822
607,Lefrak City,New York City,40.7360745708308,-73.86252471413741
608,Belle Harbor,New York City,40.576155565431094,-73.8540175039252
609,Rockaway Park,New York City,40.58034295646131,-73.84153370226186
610,Somerville,New York City,40.597710615657675,-73.79664750844047
611,Brookville,New York City,40.660003227336134,-73.75175310731153
612,Bellaire,New York City,40.73301404027834,-73.73889198912481
613,North Corona,New York City,40.7540709990489,-73.85751790676447
614,Forest Hills Gardens,New York City,40.714611081511705,-73.8410221123401
615,St. George,New York City,40.6449815710044,-74.07935312512797
616,New Brighton,New York City,40.64061455913511,-74.08701650516626
617,Stapleton,New York City,40.626927625381754,-74.07790192660066
618,Rosebank,New York City,40.61530494652761,-74.06980526716141
619,West Brighton,New York City,40.631878926546065,-74.1071817826561
620,Grymes Hill,New York City,40.624184791313006,-74.08724819983729
621,Todt Hill,New York City,40.59706851814673,-74.1113288180088
622,South Beach,New York City,40.58024741350957,-74.0795529253982
623,Port Richmond,New York City,40.63366930554365,-74.12943426797007
624,Mariner's Harbor,New York City,40.63254639048112,-74.15008537046981
625,Port Ivory,New York City,40.63968297845542,-74.17464532993542
626,Castleton Corners,New York City,40.61333593766742,-74.11918058534843
627,New Springville,New York City,40.594252379161695,-74.16496031329827
628,Travis,New York City,40.58631375103281,-74.19073717538116
629,New Dorp,New York City,40.57257231820632,-74.1164794360638
630,Oakwood,New York City,40.5584622432888,-74.12156593771896
631,Great Kills,New York City,40.549480228713605,-74.14932381490992
632,Eltingville,New York City,40.542230747450745,-74.1643308041936
633,Annadale,New York City,40.53811417474507,-74.17854866165878
634,Woodrow,New York City,40.541967622888755,-74.20524582480327
635,Tottenville,New York City,40.50533376115642,-74.24656934235283
636,Tompkinsville,New York City,40.637316067110326,-74.08055351790115
637,Silver Lake,New York City,40.61919310792676,-74.09629029235458
638,Sunnyside,New York City,40.61276015756489,-74.0971255217853
639,Ditmas Park,New York City,40.64367518334098,-73.9610131246678
640,Wingate,New York City,40.66094656188111,-73.93718680559314
641,Rugby,New York City,40.65557231328077,-73.92688212616955
642,Park Hill,New York City,40.60919044434558,-74.08015734936295
643,Westerleigh,New York City,40.62109047275409,-74.13304143951704
644,Graniteville,New York City,40.62017151223189,-74.15315246387762
645,Arlington,New York City,40.63532509911492,-74.16510420241123
646,Arrochar,New York City,40.596312571276734,-74.06712363225573
647,Grasmere,New York City,40.598268359599906,-74.0766743627905
648,Old Town,New York City,40.59632891379513,-74.08751118005578
649,Dongan Hills,New York City,40.58867294819928,-74.0963990531252
650,Midland Beach,New York City,40.573526905742824,-74.09348266303591
651,Grant City,New York City,40.57621558711788,-74.10585598545434
652,New Dorp Beach,New York City,40.564255493073354,-74.10432707469124
653,Bay Terrace,New York City,40.55398800858462,-74.13916622175769
654,Huguenot,New York City,40.53191192048961,-74.19174105747814
655,Pleasant Plains,New York City,40.52469937611813,-74.21983106616777
656,Butler Manor,New York City,40.50608165346305,-74.22950350260027
657,Charleston,New York City,40.53053148283314,-74.23215775896526
658,Rossville,New York City,40.54940400650072,-74.21572851113952
659,Arden Heights,New York City,40.54928582278321,-74.18588674583894
660,Greenridge,New York City,40.55529523617321,-74.17079414786092
661,Heartland Village,New York City,40.58913894875281,-74.15902208156602
662,Chelsea,New York City,40.594726027462954,-74.18956045519691
663,Bloomfield,New York City,40.60577868452358,-74.18725638381567
664,Bulls Head,New York City,40.6095918004203,-74.15940948657122
665,Carnegie Hill,New York City,40.782682567125704,-73.95325646837112
666,Noho,New York City,40.72325901885768,-73.98843368023597
667,Civic Center,New York City,40.71522892046282,-74.00541529873355
668,Midtown South,New York City,40.7485096643122,-73.98871313285247
669,Richmond Town,New York City,40.56960594275505,-74.1340572986257
670,Shore Acres,New York City,40.60971934079284,-74.0666776606177
671,Clifton,New York City,40.61917845202843,-74.072642445484
672,Concord,New York City,40.6044731896879,-74.08402364740357
673,Emerson Hill,New York City,40.606794394801,-74.09776206972522
674,Randall Manor,New York City,40.63563000681151,-74.09805062373887
675,Howland Hook,New York City,40.63843283794795,-74.18622331749823
676,Elm Park,New York City,40.630146741193826,-74.1418167896889
677,Remsen Village,New York City,40.652117451793494,-73.91665331978048
678,New Lots,New York City,40.662744279696604,-73.88511776379292
679,Paerdegat Basin,New York City,40.63131755039667,-73.90233474295836
680,Mill Basin,New York City,40.61597423962336,-73.91515391550405
681,Jamaica Hills,New York City,40.71145964370482,-73.79646462081594
682,Utopia,New York City,40.733500254297574,-73.79671678028348
683,Pomonok,New York City,40.73493618075478,-73.80486120040538
684,Astoria Heights,New York City,40.7703173929982,-73.89467996270574
685,Claremont Village,New York City,40.83142834161548,-73.90119903387668
686,Concourse Village,New York City,40.824780490842905,-73.91584652759009
687,Mount Eden,New York City,40.84382617671654,-73.91655551964418
688,Mount Hope,New York City,40.84884160724665,-73.90829930881988
689,Sutton Place,New York City,40.760280331313744,-73.96355614094303
690,Hunters Point,New York City,40.743414090073536,-73.95386782130745
691,Turtle Bay,New York City,40.752042369507215,-73.96770824581834
692,Tudor City,New York City,40.7469174107402,-73.97121928722265
693,Stuyvesant Town,New York City,40.730999554770605,-73.97405170469203
694,Flatiron,New York City,40.73967304763842,-73.99094710528259
695,Sunnyside Gardens,New York City,40.74565180608076,-73.91819286431682
696,Blissville,New York City,40.73725071694497,-73.93244235260178
697,Fulton Ferry,New York City,40.70328109093014,-73.99550751888415
698,Vinegar Hill,New York City,40.70332149882874,-73.98111603592393
699,Weeksville,New York City,40.67503986503237,-73.93053108817337
700,Broadway Junction,New York City,40.67786104769531,-73.90331684852598
701,Dumbo,New York City,40.703176328226924,-73.98875280745041
702,Manor Heights,New York City,40.60180957631444,-74.12059399718001
703,Willowbrook,New York City,40.603706926273716,-74.13208447484298
704,Sandy Ground,New York City,40.54113992209177,-74.21776636068567
705,Egbertville,New York City,40.57911874296122,-74.12727240604946
706,Roxbury,New York City,40.56737588957032,-73.89213760232822
707,Homecrest,New York City,40.598525095137255,-73.95918459428701
708,Middle Village,New York City,40.71641451115819,-73.88114319200605
709,Prince's Bay,New York City,40.526264067348116,-74.20152556457658
710,Lighthouse Hill,New York City,40.57650629379489,-74.13792663771568
711,Richmond Valley,New York City,40.5195414574891,-74.22957080626941
712,Malba,New York City,40.790601556701475,-73.8266775713864
713,Highland Park,New York City,40.681998934517296,-73.890345709872
714,Madison,New York City,40.60937770113766,-73.94841515328893
715,Bronxdale,New York City,40.85272297633017,-73.86172577555115
716,Allerton,New York City,40.86578787802982,-73.85931863221647
717,Kingsbridge Heights,New York City,40.870392391414704,-73.90152264513144
718,Erasmus,New York City,40.64692606658579,-73.94817709920184
719,Hudson Yards,New York City,40.75665808227519,-74.00011136202637
720,Hammels,New York City,40.58733774018741,-73.80553002968719
721,Bayswater,New York City,40.61132169128385,-73.76596781445626
722,Queensbridge,New York City,40.75609129709471,-73.9456307033409
723,Fox Hills,New York City,40.61731079252983,-74.08173992211962
724,Jiāngnínglù,Shanghai,,
725,Huìnán Zhèn,Shanghai,31.056003000000004,121.7573174
726,Tángzhèn,Shanghai,31.2103603,121.65104270000002
727,Xiàyáng,Shanghai,31.1501939,121.120585
728,Xīnhuálù,Shanghai,31.2073636,121.41720919999999
729,Huácáo Zhèn,Shanghai,31.226098800000003,121.3222602
730,Nánqiáo Zhèn,Shanghai,30.8980114,121.45726040000001
731,Lángxià Zhèn,Shanghai,30.7928984,121.18824380000001
732,Chángqiáo,Shanghai,31.1381066,121.4370369
733,Lónghuá,Shanghai,31.176651,121.44817649999999
734,Péngpǔ Zhèn,Shanghai,31.307494399999996,121.4439361
735,Sānlín Zhèn,Shanghai,31.1453958,121.507929
736,Běizhàn,Shanghai,31.474006,121.8338163
737,Zhuāngháng Zhèn,Shanghai,30.9036745,121.3926871
738,Hóngqiáo,Shanghai,31.197736,121.33456573603901
739,Xīnchǎng Zhèn,Shanghai,31.0478433,121.64473265
740,Shānyáng Zhèn,Shanghai,30.7637853,121.35179
741,Āntíng Zhèn,Shanghai,31.29036385,121.15751476111099
742,Zhōujiādù,Shanghai,31.18714625,121.4892365
743,Zhùqiáo Zhèn,Shanghai,31.411175800000002,121.1803074
744,Lùjiāzuǐ,Shanghai,31.24016825,121.497944636019
745,Xīnqiáo Zhèn,Shanghai,31.0613055,121.319618686872
746,Zhèlín Zhèn,Shanghai,30.832309000000002,121.4690275
747,Sìtuán Zhèn,Shanghai,30.941065500000004,121.7187095
748,Dàchǎng Zhèn,Shanghai,31.2941441,121.4123961
749,Hǎiwān Zhèn,Shanghai,30.862943199999997,121.5632449
750,Nánxiáng Zhèn,Shanghai,31.3004751,121.3140202
751,Cáolù Zhèn,Shanghai,31.273409,121.67849109999999
752,Fāngsōng,Shanghai,31.0356011,121.1926503
753,Huájīng Zhèn,Shanghai,31.119845,121.4512946
754,Zhōngshān,Shanghai,31.038475800000004,121.24118
755,Jiāngqiáo Zhèn,Shanghai,31.2592039,121.34283359999999
756,Yǒuyìlù,Shanghai,31.400128999999996,121.4817034
757,Fèngpǔ,Shanghai,31.008128499999998,121.437454285993
758,Zhuānqiáo Zhèn,Shanghai,31.070955699999995,121.3948347
759,Zhāngyàn Zhèn,Shanghai,30.80545,121.28476029999999
760,Wànxiáng Zhèn,Shanghai,30.9752011,121.8114256
761,Hángtóu Zhèn,Shanghai,31.035378,121.5830009
762,Xīnjiāngwānchéng,Shanghai,31.330780400000002,121.50234840000002
763,Yèxiè Zhèn,Shanghai,30.9422774,121.32530148264401
764,Zhōupǔ Zhèn,Shanghai,31.116213399999996,121.57076979999998
765,Luōdiàn Zhèn,Shanghai,31.417544399999997,121.341729
766,Níchéng Zhèn,Shanghai,30.9064963,121.8262561
767,Gāoqiáo Zhèn,Shanghai,31.3437506,121.57122009999999
768,Shūyuàn Zhèn,Shanghai,30.96157755,121.846355
769,Gùcūn Zhèn,Shanghai,31.3511338,121.4020632
770,Jiǔlǐtíng,Shanghai,31.1434576,121.3065846
771,Tángqiáo,Shanghai,31.21163615,121.5143028
772,Cáojīng Zhèn,Shanghai,30.7963284,121.4061818
773,Chēdūn Zhèn,Shanghai,31.007294599999998,121.316357359624
774,Cáohéjīng,Shanghai,31.1662111,121.42862930000001
775,Huāmù,Shanghai,31.208546500000004,121.54355729999999
776,Kāngqiáo Zhèn,Shanghai,31.157776199999997,121.61444679999998
777,Jīnshānwèi Zhèn,Shanghai,30.7309537,121.35878729999999
778,Xiǎokūnshān Zhèn,Shanghai,31.0391478,121.1331801
779,Xīnjīng Zhèn,Shanghai,31.218928700000003,121.357434885285
780,Sōngnán Zhèn,Shanghai,31.349498200000003,121.48557140000001
781,Yuèpǔ Zhèn,Shanghai,31.4223647,121.41729240000001
782,Jīnqiáo Zhèn,Shanghai,31.2536983,121.5866169
783,Dàtuán Zhèn,Shanghai,30.9730022,121.743901
784,Zhàoxiàng Zhèn,Shanghai,31.149040000000003,121.2304264
785,Jiǔtíng Zhèn,Shanghai,31.1393274,121.3141814
786,Xīnbāng Zhèn,Shanghai,30.935345,121.06357879999999
787,Héqìng Zhèn,Shanghai,31.239458000000003,121.71903929999999
788,Yíngpǔ,Shanghai,31.147526799999998,121.10985729999999
789,Liàntáng Zhèn,Shanghai,31.0110146,121.03913940000001
790,Guǎngfùlín,Shanghai,31.051115000000003,121.21762700000001
791,Gāoháng Zhèn,Shanghai,31.294779499999997,121.602323
792,Tínglín Zhèn,Shanghai,30.89721705,121.35435873667801
793,Jiāngchuān lù,Shanghai,31.0113391,121.4130041
794,Lǎoxīmén,Shanghai,31.220925399999995,121.479018
795,Yuèyáng,Shanghai,31.018276500000002,121.2313372
796,Shíhúdàng Zhèn,Shanghai,30.981851300000002,121.1020478
797,Zhūjīng Zhèn,Shanghai,30.879305100000003,121.17289099999999
798,Lǚxiàng Zhèn,Shanghai,30.834455699999996,121.17865320000001
799,Shéshān Zhèn,Shanghai,31.1062374,121.22536185
800,Xuānqiáo Zhèn,Shanghai,31.0377021,121.69022460000001
801,Jiāngwān Zhèn,Shanghai,31.3074973,121.48058993894101
802,Zhūjiājiǎo Zhèn,Shanghai,31.113325300000003,121.051736
803,Sìjīng Zhèn,Shanghai,31.1204097,121.25587975
804,Xújīng Zhèn,Shanghai,31.174778000000003,121.26816969999999
805,Cáojiādù,Shanghai,31.2316799,121.42263290000001
806,Shíhuà,Shanghai,30.727870799999998,121.3321733
807,Běicài Zhèn,Shanghai,31.18216305,121.547809816671
808,Zhāngmiào,Shanghai,31.3357659,121.44091709999998
809,Gāodōng Zhèn,Shanghai,31.328905199999998,121.6185558
810,Chángshòulù,Shanghai,31.242016200000002,121.4313293
811,Dòngjīng Zhèn,Shanghai,31.0865434,121.226034615829
812,Huáxīn Zhèn,Shanghai,31.2477102,121.2228685
813,Yùyuán,Shanghai,31.228927399999996,121.487975198943
814,Fèngchéng Zhèn,Shanghai,30.910263699999998,121.6044584
815,Yángjīng,Shanghai,31.244005600000005,121.54592040000001
816,Gāojìng Zhèn,Shanghai,31.323158799999998,121.47752520000002
817,Chéngjiāqiáo,Shanghai,31.189312400000002,121.36862839999999
818,Xīdù,Shanghai,30.99125535,121.427818526761
819,Běixīnjīng,Shanghai,31.2188284,121.3681263
820,Pǔjiāng Zhèn,Shanghai,31.0930767,121.4912727
821,Wújīng Zhèn,Shanghai,31.0456206,121.4631165
822,Qīngcūn Zhèn,Shanghai,30.9257983,121.5773355
823,Xīnzhuāng Zhèn,Shanghai,31.128610100000003,121.3923825
824,Báihè Zhèn,Shanghai,31.249047499999996,121.1421959
825,Gǔměi lù,Shanghai,31.134881800000002,121.3881342
826,Méilǒng Zhèn,Shanghai,31.137228999999998,121.4097173
827,Língyún lù,Shanghai,31.135130800000002,121.41674520000001
828,Xiānghuāqiáo,Shanghai,31.1731032,121.1180277
829,Jīnhuì Zhèn,Shanghai,30.9913152,121.49736580000001
830,Fēngjīng Zhèn,Shanghai,30.879863500000003,121.0188006
831,Jiāngsūlù,Shanghai,31.225982899999998,121.4238966
832,Qībǎo Zhèn,Shanghai,31.1573185,121.34423290000001
833,Xīnhóng,Shanghai,30.9353625,121.0563236
834,Táopǔ Zhèn,Shanghai,31.2619935,121.3919996
835,Wǔlǐqiáo,Shanghai,31.2056559,121.47573899999999
836,Tílánqiáo,Shanghai,31.255521299999998,121.5023598
837,Huátíng Zhèn,Shanghai,30.885049900000002,121.30816000000002
838,Yīnháng,Shanghai,31.32884075,121.537617536488
839,Xújiāhuì,Shanghai,31.196316200000002,121.43136080000001
840,Wǔjiǎochǎng,Shanghai,31.3064494,121.51256529999999
841,Pǔjǐn Zhèn,Shanghai,31.103482300000003,121.4855953
842,Miàoxíng Zhèn,Shanghai,31.332293,121.43390819999999
843,Tiánlín,Shanghai,31.5233683,121.8104861
844,Lǎogǎng Zhèn,Shanghai,31.041473800000002,121.8358713
845,Chángzhēng Zhèn,Shanghai,30.901999199999995,121.0657521
846,Mǎogǎng Zhèn,Shanghai,30.942944899999997,121.2074929
847,Jīnzé Zhèn,Shanghai,31.038903,120.91670500000001
848,Yǒngfēng,Shanghai,31.0062946,121.21087390000001
849,Zhāngjiāng Zhèn,Shanghai,31.2073473,121.6101825
850,Dǎpǔqiáo,Shanghai,31.2082863,121.46394120000001
851,Wúsōng,Shanghai,31.374707,121.48941040000001
852,Luōjīng Zhèn,Shanghai,31.4807037,121.337427
853,Kampong Bugis,Singapore,1.3085296999999998,103.8658712
854,Benoi Sector,Singapore,1.3195819,103.68079200000001
855,Bidadari,Singapore,1.3352618,103.87216677548
856,Bukit Timah,Singapore,1.3546901000000002,103.7763724
857,Pioneer,Singapore,1.3416092,103.697477906439
858,Queenstown,Singapore,1.2946235000000001,103.8060454
859,Teban Gardens,Singapore,1.32089305,103.737934212712
860,Lim Chu Kang,Singapore,1.4342172,103.7149872
861,Kallang Bahru,Singapore,1.319309,103.8659933
862,Semakau,Singapore,1.20358545,103.769847592456
863,Little India,Singapore,1.3066476,103.8492691
864,Rochor Canal,Singapore,1.3038431000000001,103.85286090000001
865,Bukit Merah,Singapore,1.2806275,103.8305915
866,Singapore River,Singapore,1.28917835,103.84515431765999
867,Clarke Quay,Singapore,1.28818655,103.84639555444201
868,Yishun,Singapore,1.4293839,103.8350282
869,Jurong West Central,Singapore,1.3396365,103.7073387
870,Boon Lay Place,Singapore,1.3475171000000001,103.713879916657
871,Marine Parade,Singapore,1.3026889,103.90739520000001
872,Jurong River,Singapore,1.344581,103.7281439
873,Rochor,Singapore,1.30326565,103.852426096399
874,Bishan,Singapore,1.3514521000000002,103.84824959999999
875,Jurong Island,Singapore,1.2596166000000002,103.670471298337
876,Serangoon North,Singapore,1.3713383,103.87275629999999
877,Boon Keng,Singapore,1.31956905,103.861748677728
878,Pearl's Hill,Singapore,1.28489795,103.839828397855
879,Clifford Pier,Singapore,1.28394665,103.853537790268
880,Kranji,Singapore,1.4252189,103.7619891
881,Alexandra North,Singapore,1.277477,103.8018803
882,Marina Centre,Singapore,1.2904753,103.8520359
883,MacPherson,Singapore,1.32620695,103.889506953939
884,Henderson Hill,Singapore,1.28115755,103.82106078273199
885,Bukit Batok,Singapore,1.3490572,103.74959059999999
886,Jurong Port,Singapore,1.30562985,103.72125142874
887,Sungei Kadut,Singapore,1.4149971000000001,103.75331059999999
888,Southern Islands,Singapore,1.2710888999999999,103.86328
889,Commonwealth,Singapore,1.3024428,103.79830849999999
890,Yunnan,Singapore,1.33828165,103.691098307116
891,Kallang,Singapore,1.310759,103.866262
892,Straits View,Singapore,1.2782163,103.8525322
893,Ghim Moh,Singapore,1.311558,103.788797
894,Tanjong Pagar,Singapore,1.2765707,103.845848
895,Farrer Park,Singapore,1.31259105,103.854228847827
896,Robertson Quay,Singapore,1.29040905,103.83812675642
897,Simpang,Singapore,1.4452954,103.8497425
898,Gombak,Singapore,1.360768,103.74953409999999
899,Singapore Polytechnic,Singapore,1.30913695,103.778143658071
900,Potong Pasir,Singapore,1.3314141000000002,103.869138082237
901,Kampong Java,Singapore,1.313975,103.845481
902,Bras Basah,Singapore,1.2968214,103.85066583319599
903,Orchard,Singapore,1.305272,103.8328757
904,Seletar Aerospace Park,Singapore,1.4163503,103.8724617
905,Choa Chu Kang,Singapore,1.3892601,103.743728
906,Safti,Singapore,1.3304504,103.6834422
907,Rivervale,Singapore,1.38062345,103.898400807354
908,Sudong,Singapore,1.2080635,103.719488623156
909,Sengkang,Singapore,1.3909486999999998,103.8951748
910,Serangoon,Singapore,1.3632360000000001,103.87446170000001
911,Novena,Singapore,1.32061715,103.843974354385
912,Hillview,Singapore,1.3624041999999998,103.767427293728
913,National University of Singapore,Singapore,1.2962018,103.776899437848
914,Bukit Ho Swee,Singapore,1.2879953000000002,103.828564415084
915,Boon Lay,Singapore,1.3456401000000002,103.71180179999999
916,Yew Tee,Singapore,1.3974678,103.7473332
917,Kampong Tiong Bahru,Singapore,1.2749197,103.8289511
918,Hong Kah,Singapore,1.357194,103.714603
919,Raffles Place,Singapore,1.2844077,103.85139000000001
920,Kampong Ubi,Singapore,1.328847,103.89737351640301
921,Lorong Halus,Singapore,1.3817494,103.91997990000002
922,Tuas View,Singapore,1.3293722,103.6482364
923,Clementi,Singapore,1.3140256000000001,103.7624098
924,Bugis,Singapore,1.2999533,103.855278146899
925,Geylang,Singapore,1.3181862,103.8870563
926,Seletar,Singapore,1.4098488,103.87737890000001
927,Geylang Bahru,Singapore,1.3211072,103.871315
928,Ang Mo Kio,Singapore,1.3700733,103.8495157
929,Aljunied,Singapore,1.3164514999999999,103.8829087
930,Everton Park,Singapore,1.2771286,103.83936791519001
931,Mandai,Singapore,1.4235346000000002,103.8033499
932,Newton,Singapore,1.312981,103.8389215
933,Queensway,Singapore,1.2888152,103.8032129
934,Joo Seng,Singapore,1.3355302,103.8833207
935,Kian Teck,Singapore,1.3285109,103.694796274865
936,Boat Quay,Singapore,1.2859386,103.85214959999999
937,Hougang,Singapore,1.3719043,103.892725
938,Pulau Seletar,Singapore,1.44378625,103.86159699166402
939,Serangoon Garden,Singapore,1.3624578999999999,103.8660127
940,River Valley,Singapore,1.3083982,103.88614890000001
941,Holland Road,Singapore,1.308757,103.8080703
942,Bendemeer,Singapore,1.3138211000000002,103.8629282
943,Cheng San,Singapore,1.340863,103.83039182212099
944,Lorong Chuan,Singapore,1.3563618999999998,103.8687564
945,Tanglin,Singapore,1.3060443000000002,103.8152804
946,Pasir Panjang,Singapore,1.27620135,103.79147582341999
947,Brickworks,Singapore,1.2869332,103.807560113105
948,Chong Boon,Singapore,1.36820695,103.856360356937
949,Guilin,Singapore,1.3539591999999998,103.752452914255
950,Bukit Panjang,Singapore,1.377921,103.7718658
951,Outram,Singapore,1.2828694999999999,103.8378603
952,Gul Circle,Singapore,1.313587,103.66473959999999
953,Jurong East,Singapore,1.333115,103.7422968
954,Kebun Baru,Singapore,1.3756701,103.83734050790899
955,Fernvale,Singapore,1.3904635,103.8770826
956,Toh Tuck,Singapore,1.3309243999999998,103.757592680382
957,Marymount,Singapore,1.3486136,103.8392382
958,Kent Ridge,Singapore,1.2933012,103.7844127
959,Toa Payoh,Singapore,1.3353906,103.84974140000001
960,Tengah,Singapore,1.3669016999999999,103.71084559999998
961,Woodlands,Singapore,1.4368969999999999,103.78621600000001
962,Yio Chu Kang,Singapore,1.3817905000000001,103.84493590000001
963,City Hall,Singapore,1.2928611,103.8526887
964,Tanjong Rhu,Singapore,1.29734275,103.873764261344
965,Dhoby Ghaut,Singapore,1.29935345,103.845308566721
966,Lavender,Singapore,1.3073719,103.86277199999999
967,Dover,Singapore,1.3114214,103.7786275
968,Sembawang,Singapore,1.4480646000000001,103.82076040000001
969,Kovan,Singapore,1.3599863,103.8848589
970,Tiong Bahru,Singapore,1.2861968000000001,103.8257646
971,Defu Industrial Park,Singapore,1.35161105,103.89204505
972,Upper Thomson,Singapore,1.3954889,103.8159239
973,Maritime Square,Singapore,1.264222,103.8189255
974,Coney Island,Singapore,1.40941835,103.921469998714
975,Chin Bee,Singapore,1.3334896,103.71274140000001
976,Admiralty,Singapore,1.4406368999999999,103.80095920000001
977,International Business Park,Singapore,1.3273734,103.747610627953
978,Crawford,Singapore,1.30558585,103.863087656683
979,Joo Koon,Singapore,1.327735,103.67822209999999
980,Singapore General Hospital,Singapore,1.27944885,103.836280497274
981,Mountbatten,Singapore,1.3062493999999998,103.88249590000001
982,Marina South,Singapore,1.2769979999999999,103.8615002
983,Chinatown,Singapore,1.2837372,103.84379759999999
984,Kampong Glam,Singapore,1.30128,103.8599267
985,Marina East,Singapore,1.288624,103.869827
986,one-north,Singapore,1.2996073000000001,103.7872407
987,Taman Jurong,Singapore,1.33488355,103.720788674284
988,West Coast,Singapore,1.3033734,103.76418057555
989,Museum,Singapore,1.3011676,103.7734711
990,Compassvale,Singapore,1.394518,103.90043490000001
991,Anchorvale,Singapore,1.39814895,103.88914231076099
992,Lower Seletar,Singapore,1.411265,103.85213585565701
993,Depot Road,Singapore,1.2808882,103.8159708
994,Sungei Road,Singapore,1.3047848999999998,103.8565878
995,Katong,Singapore,1.3057886,103.8976313
996,Punggol,Singapore,1.398033,103.9073312
997,Western Water Catchment,Singapore,1.3664522,103.6810305
998,Kami-ikebukuro,Tokyo,35.738525,139.717028
999,Kagurazaka,Tokyo,35.703889000000004,139.734222
1000,Yanaka Cemetery,Tokyo,35.72521075,139.771595622046
1001,Sugamo,Tokyo,35.7334119,139.73942730000002
1002,Akasaka,Tokyo,35.6716786,139.7356224
1003,"Shōtō, Shibuya",Tokyo,35.6633826,139.6904618
1004,"Nishihara, Shibuya",Tokyo,35.6764651,139.67708159999998
1005,Marunouchi,Tokyo,35.6806555,139.76522169999998
1006,"Uehara, Shibuya",Tokyo,35.647968,139.74665480000002
1007,"Aoyama, Minato",Tokyo,35.6710729,139.7208385
1008,Ichigaya,Tokyo,35.6923511,139.73674259999999
1009,Jingūmae,Tokyo,35.6695337,139.7027842
1010,Shiodome,Tokyo,35.6646201,139.76048930000002
1011,Shitaya,Tokyo,35.711602899999995,139.779676556859
1012,Tamachi,Tokyo,35.6457358,139.7476833
1013,Yotsuya,Tokyo,35.6861799,139.72937119999997
1014,Hatsudai,Tokyo,35.6816399,139.68712390000002
1015,Otome Road,Tokyo,35.7305447,139.71790546696002
1016,"Ōmori, Ōta",Tokyo,35.5884735,139.7279334
1017,Toyosu,Tokyo,35.6549298,139.796174
1018,Omotesandō,Tokyo,35.6651701,139.7124352
1019,Kanda,Tokyo,35.6937148,139.7708898
1020,Banchō,Tokyo,35.685423,139.7321922
1021,"Higashi, Shibuya",Tokyo,35.70647520000001,139.6828466
1022,Harajuku,Tokyo,35.6687049,139.70533569999998
1023,Tomigaya,Tokyo,35.6678503,139.6879915
1024,"Daikanyamachō, Shibuya",Tokyo,35.6497628,139.7024277
1025,Ura-Harajuku,Tokyo,35.6724125,139.700021236735
1026,Hibiya,Tokyo,35.673764299999995,139.75833930000002
1027,Nishiogikubo,Tokyo,35.7040339,139.6004484
1028,Honjo,Tokyo,36.2433384,139.1905335
1029,Imado,Tokyo,35.71934455,139.803548310237
1030,San'ya,Tokyo,35.7327141,139.7979399
1031,"Ebisu, Shibuya",Tokyo,35.646437799999994,139.7102101
1032,Sasazuka,Tokyo,35.6736448,139.6671205
1033,Roppongi,Tokyo,35.663561,139.73191409999998
1034,Yūrei zaka,Tokyo,35.6440226,139.73861090000003
1035,Nishi-Shinjuku,Tokyo,35.69442279999999,139.6927786
1036,Ushigome,Tokyo,35.699467600000006,139.7255875
1037,Yanesen,Tokyo,35.7278656,139.7648235
1038,Kichijōji,Tokyo,35.70314129999999,139.5803077
1039,Shimokitazawa,Tokyo,35.6616779,139.6663345
1040,Odaiba,Tokyo,35.626721999999994,139.7721007
1041,Tateishi,Tokyo,35.738182,139.8480553
1042,Kabukichō,Tokyo,35.6936102,139.7019015
1043,Kyōbashi,Tokyo,35.676833,139.770139
1044,"Hitotsubashi, Chiyoda",Tokyo,35.6929572,139.7575158
1045,Kōjimachi,Tokyo,35.684028000000005,139.737667
1046,Yoyogi,Tokyo,35.6835674,139.7015461
1047,Nihonbashi,Tokyo,35.684058,139.774501377979
1048,Agariyashiki,Tokyo,35.7264354,139.705216483649
1049,Shin-Koiwa,Tokyo,35.71695020000001,139.8579929
1050,Akihabara,Tokyo,35.6997364,139.7712503
1051,"Shiba, Minato",Tokyo,35.65537335,139.75026536117
1052,"Honmachi, Shibuya",Tokyo,35.68158915,139.685102274126
1053,Shin-Kiba,Tokyo,35.6461826,139.82804280000002
1054,Takadanobaba,Tokyo,35.71273585,139.703974396755
1055,Ochanomizu,Tokyo,35.699593,139.7649185
1056,Shinjuku Ni-chōme,Tokyo,35.6889929,139.7085362
1057,Sendagaya,Tokyo,35.6812658,139.7113311
1058,Yōga,Tokyo,35.6266477,139.6341719
1059,Shinjuku Golden Gai,Tokyo,35.69411595,139.704629323619
1060,Ōyamachō,Tokyo,35.6025137,139.656319
1061,"Hiroo, Shibuya",Tokyo,35.65234995,139.71776981095698
1062,Ikebukuro,Tokyo,35.731123100000005,139.70893519999998
1063,Zōshigaya,Tokyo,35.7201652,139.7147443
1064,Areas of Tokyo,Tokyo,35.7342795,139.712855176159
1065,Asagaya,Tokyo,35.7031638,139.6362469
1066,"Mita, Meguro",Tokyo,35.64883905,139.742770674545
1067,Mejiro,Tokyo,35.721186100000004,139.7064823
1068,Asakusa,Tokyo,35.717528,139.797635
1069,Ueno,Tokyo,35.711758700000004,139.7776445
1070,Parkwoods,Toronto,43.7587999,-79.32019659999999
1071,Victoria Village,Toronto,43.732658,-79.3111892
1072,Harbourfront,Toronto,43.640080100000006,-79.3801495
1073,Lawrence Heights,Toronto,43.722778399999996,-79.45093320000001
1074,Lawrence Manor,Toronto,43.72207879999999,-79.4375067
1075,Queen's Park,Toronto,43.6606092,-79.3905725
1076,Rouge,Toronto,43.8049304,-79.1658374
1077,Malvern,Toronto,43.8091955,-79.2217008
1078,Don Mills North,Toronto,43.775347,-79.3459439
1079,Woodbine Gardens,Toronto,43.7120785,-79.30256729999999
1080,Parkview Hill,Toronto,43.7062977,-79.32190729999999
1081,Ryerson,Toronto,43.65846945,-79.3789932724589
1082,Garden District,Toronto,43.6564995,-79.3771141
1083,Glencairn,Toronto,43.7087117,-79.4406853
1084,Cloverdale,Toronto,43.633637,-79.5497447
1085,Islington,Toronto,43.6453376,-79.52486999999999
1086,Martin Grove,Toronto,43.6449033,-79.38183640000001
1087,Princess Gardens,Toronto,43.6404664,-79.39122370000001
1088,West Deane Park,Toronto,43.6631995,-79.5685684
1089,Highland Creek,Toronto,43.790117200000005,-79.1733344
1090,Rouge Hill,Toronto,43.7802711,-79.1304992
1091,Port Union,Toronto,43.7755039,-79.13497650000001
1092,Flemingdon Park,Toronto,43.7184315,-79.33320400000001
1093,Woodbine Heights,Toronto,43.699930200000004,-79.3191316
1094,St. James Town,Toronto,43.6694032,-79.37270409999999
1095,Bloordale Gardens,Toronto,43.6353169,-79.56367440000001
1096,Eringate,Toronto,43.6622732,-79.5765162
1097,Markland Wood,Toronto,43.63123795,-79.5854368166265
1098,Old Burnhamthorpe,Toronto,43.6393732,-79.58438690000001
1099,Guildwood,Toronto,43.7552251,-79.1982293
1100,Morningside,Toronto,43.7826012,-79.2049579
1101,West Hill,Toronto,43.7689144,-79.1872905
1102,The Beaches,Toronto,43.6710244,-79.296712
1103,Berczy Park,Toronto,43.64798435,-79.3753959113886
1104,Woburn,Toronto,43.7598243,-79.2252908
1105,Leaside,Toronto,43.70479829999999,-79.36809040000001
1106,Central Bay Street,Toronto,43.660911999999996,-79.3858973
1107,Christie,Toronto,43.6641106,-79.4184051
1108,Cedarbrae,Toronto,43.75646655,-79.22669244258799
1109,Hillcrest Village,Toronto,43.7996637,-79.3650189
1110,Bathurst Manor,Toronto,43.76389295,-79.4563669371095
1111,Downsview North,Toronto,43.7492988,-79.462248
1112,Wilson Heights,Toronto,43.7405195,-79.4400172
1113,Thorncliffe Park,Toronto,43.704553000000004,-79.3454074
1114,Adelaide,Toronto,43.6508092,-79.3779166084407
1115,King,Toronto,43.6489494,-79.3777538
1116,Richmond,Toronto,43.812589100000004,-79.2633703893962
1117,Dovercourt Village,Toronto,43.6653069,-79.4326362
1118,Dufferin,Toronto,43.6602019,-79.4357191
1119,Scarborough Village,Toronto,43.7437422,-79.2116324
1120,Fairview,Toronto,43.653963,-79.38720699999999
1121,Henry Farm,Toronto,43.7695089,-79.35429599999999
1122,Oriole,Toronto,43.765498,-79.36426879999999
1123,Northwood Park,Toronto,43.7541351,-79.50448
1124,York University,Toronto,43.7738011,-79.49982044701329
1125,East Toronto,Toronto,43.626243,-79.396962
1126,Toronto Islands,Toronto,43.616196200000005,-79.36935820000001
1127,Union Station,Toronto,43.6446934,-79.38013200585969
1128,Little Portugal,Toronto,43.64741325,-79.43111632546051
1129,Trinity,Toronto,43.6537966,-79.3824316857722
1130,East Birchmount Park,Toronto,43.7141672,-79.271109
1131,Ionview,Toronto,43.7359904,-79.2765146
1132,Kennedy Park,Toronto,43.724878000000004,-79.2539688
1133,Bayview Village,Toronto,43.7691966,-79.37666170000001
1134,The Danforth West,Toronto,43.6864333,-79.30035550000001
1135,Riverdale,Toronto,43.6654704,-79.35259359999999
1136,Design Exchange,Toronto,43.6477412,-79.3801145
1137,Toronto Dominion Centre,Toronto,43.64736955,-79.3813733580709
1138,Brockton,Toronto,43.650917299999996,-79.4400216
1139,Exhibition Place,Toronto,43.63381345,-79.417140724094
1140,Parkdale Village,Toronto,43.6404954,-79.4368965
1141,Clairlea,Toronto,43.708823100000004,-79.2959856
1142,Golden Mile,Toronto,43.727841399999996,-79.2876217
1143,Oakridge,Toronto,43.697173799999995,-79.27482320000001
1144,Silver Hills,Toronto,43.7612224,-79.3683818
1145,York Mills,Toronto,43.7440391,-79.406657
1146,India Bazaar,Toronto,43.672223100000004,-79.3235032
1147,Commerce Court,Toronto,43.64809515,-79.3790207204735
1148,Victoria Hotel,Toronto,43.66946915,-79.37326825
1149,North Park,Toronto,43.7186899,-79.47753370000001
1150,Upwood Park,Toronto,43.708960600000005,-79.5008945986058
1151,Humber Summit,Toronto,43.7600778,-79.5717598
1152,Cliffcrest,Toronto,43.7219387,-79.2362324
1153,Cliffside,Toronto,43.711169899999994,-79.2481769
1154,Newtonbrook,Toronto,43.7938863,-79.4256790230105
1155,Willowdale,Toronto,43.761509499999995,-79.4109234
1156,Studio District,Toronto,43.6492881,-79.3767903
1157,Bedford Park,Toronto,43.7373876,-79.4109253
1158,Keelesdale,Toronto,43.6901578,-79.4749985
1159,Mount Dennis,Toronto,43.6869597,-79.48955129999999
1160,Silverthorn,Toronto,43.682123,-79.4715724
1161,Emery,Toronto,43.7520744,-79.5423657
1162,Humberlea,Toronto,43.7213166,-79.5331605
1163,Birch Cliff,Toronto,43.70211215,-79.26009053015679
1164,Lawrence Park,Toronto,43.729199,-79.40325250000001
1165,Roselawn,Toronto,43.7098517,-79.4042948
1166,The Junction North,Toronto,43.6654775,-79.470352
1167,Runnymede,Toronto,43.6517026,-79.4759978
1168,Weston,Toronto,43.70016079999999,-79.5162474
1169,Dorset Park,Toronto,43.7528467,-79.282067
1170,Scarborough Town Centre,Toronto,43.7761341,-79.25843763592171
1171,Wexford Heights,Toronto,43.7432421,-79.304641
1172,Davisville North,Toronto,43.7043123,-79.38851690000001
1173,Forest Hill North,Toronto,43.6935586,-79.41390229999999
1174,Forest Hill West,Toronto,43.701028,-79.4255998
1175,High Park,Toronto,43.653866799999996,-79.4668644
1176,Westmount,Toronto,43.6936399,-79.5210426
1177,Maryvale,Toronto,43.7590508,-79.31022970000001
1178,Wexford,Toronto,43.74537670000001,-79.29471550000001
1179,North Toronto West,Toronto,43.6465466,-79.41952629999999
1180,The Annex,Toronto,43.670337700000005,-79.407117
1181,North Midtown,Toronto,43.705199900000004,-79.39741552147329
1182,Yorkville,Toronto,43.67138610000001,-79.3901677
1183,Roncesvalles,Toronto,43.6514426,-79.45103809999999
1184,Kingsview Village,Toronto,43.6995391,-79.5563459
1185,Martin Grove Gardens,Toronto,43.687310499999995,-79.56196700000001
1186,Richview Gardens,Toronto,43.6848335,-79.5482883
1187,St. Phillips,Toronto,43.70004829999999,-79.5437651
1188,Agincourt,Toronto,43.7853531,-79.2785494
1189,Harbord,Toronto,43.66151215,-79.4143913350399
1190,University of Toronto,Toronto,43.663462,-79.39775965337451
1191,Swansea,Toronto,43.644940000000005,-79.478313
1192,Clarks Corners,Toronto,43.796409499999996,-79.29779509999999
1193,Sullivan,Toronto,43.7726802,-79.3159449
1194,Tam O'Shanter,Toronto,43.7810454,-79.2980941
1195,Moore Park,Toronto,43.6903876,-79.3832965
1196,Summerhill East,Toronto,43.6816776,-79.3905037
1197,Chinatown,Toronto,43.6529237,-79.3980316
1198,Grange Park,Toronto,43.6521966,-79.39231921757991
1199,Kensington Market,Toronto,43.6552136,-79.4022604
1200,Agincourt North,Toronto,43.8080383,-79.2664391
1201,L'Amoreaux East,Toronto,43.799003000000006,-79.30596690000002
1202,Milliken,Toronto,43.8231743,-79.30176259999999
1203,Steeles East,Toronto,43.8161778,-79.3145378
1204,Deer Park,Toronto,43.68809,-79.39409350000001
1205,Rathnelly,Toronto,43.6774724,-79.4004598
1206,South Hill,Toronto,43.6779261,-79.40576709999999
1207,CN Tower,Toronto,43.642563700000004,-79.3870871832047
1208,Bathurst Quay,Toronto,43.635790500000006,-79.398329
1209,Island airport,Toronto,43.62805705,-79.3979911558998
1210,King and Spadina,Toronto,43.6454561,-79.3949942
1211,South Niagara,Toronto,43.64467020000001,-79.4091943
1212,Mimico South,Toronto,43.6166773,-79.49680479999999
1213,New Toronto,Toronto,43.6007625,-79.505264
1214,Albion Gardens,Toronto,43.741665399999995,-79.5845433686249
1215,Humbergate,Toronto,43.72852965,-79.60624030941929
1216,Silverstone,Toronto,43.749750899999995,-79.5991159310942
1217,Thistletown,Toronto,43.7372656,-79.56531690000001
1218,Rosedale,Toronto,43.6783556,-79.3807457
1219,Alderwood,Toronto,43.6017173,-79.5452325
1220,Long Branch,Toronto,43.59200455,-79.5453645065959
1221,Cabbagetown,Toronto,43.6644734,-79.36698609999999
1222,First Canadian Place,Toronto,43.648768100000005,-79.3816917928303
1223,Underground city,Toronto,43.7701454,-79.3748625
1224,The Kingsway,Toronto,43.6473811,-79.51133279999999
1225,Montgomery Road,Toronto,43.648252899999996,-79.51736290000001
1226,Old Mill North,Toronto,43.649826000000004,-79.49433379999999
1227,Church and Wellesley,Toronto,43.6655242,-79.3838011
1228,Humber Bay,Toronto,43.6400463,-79.495028
1229,King's Mill Park,Toronto,43.651089500000005,-79.4920291
1230,Kingsway Park South East,Toronto,43.6503517,-79.5000088
1231,The Queensway East,Toronto,43.6093093,-79.56773170000001
1232,Royal York South East,Toronto,43.64818270000001,-79.5112961
1233,Sunnylea,Toronto,43.64159705,-79.50166497321379
1234,The Queensway West,Toronto,43.6236182,-79.5147637
1235,South of Bloor,Toronto,43.66766165,-79.3946979735188
1236,Sihlfeld,Zurich,47.373217700000005,8.5108195
1237,Rathaus,Zurich,47.3726493,8.5443108
1238,Oberstrass,Zurich,47.385706299999995,8.5491245
1239,Friesenberg,Zurich,47.3581745,8.493922300000001
1240,Saatlen,Zurich,47.412636600000006,8.565911864716309
1241,City,Zurich,47.3729425,8.5353456
1242,Fluntern,Zurich,47.376776899999996,8.5587745
1243,Hottingen,Zurich,47.3696799,8.5550821
1244,Seefeld,Zurich,47.3577831,8.5510737
1245,Wollishofen,Zurich,47.3424271,8.530708500000001
1246,Gewerbeschule,Zurich,47.3838176,8.5300864
1247,Escher Wyss,Zurich,47.390899100000006,8.5153597
1248,Altstetten,Zurich,47.3874029,8.4860612
1249,Werd,Zurich,47.3719907,8.526782
1250,Hirslanden,Zurich,47.362948200000005,8.5642692
1251,Unterstrass,Zurich,47.3914474,8.5395724
1252,Witikon,Zurich,47.358309999999996,8.590628
1253,Weinegg,Zurich,47.351058200000004,8.569909599999999
1254,Hirzenbach,Zurich,47.3996972,8.5885281
1255,Oerlikon,Zurich,47.4104211,8.544585099999999
1256,Hard,Zurich,47.3817429,8.5125543
1257,Alt-Wiedikon,Zurich,47.365561799999995,8.5178506
1258,Höngg,Zurich,47.4016604,8.4977145
1259,Schwamendingen Mitte,Zurich,47.4044371,8.5683258
1260,Albisrieden,Zurich,47.374857299999995,8.484657400000001
1261,Hochschulen,Zurich,47.3738463,8.5486133
1262,Langstrasse,Zurich,47.3772734,8.5264148
1263,Enge,Zurich,47.3617894,8.528708
1264,Lindenhof,Zurich,47.372916100000005,8.5401756
1265,Leimbach,Zurich,47.3902536,8.581406199999998
1266,Wipkingen,Zurich,47.3934951,8.5286022
