,Neighborhood,City,Cluster Labels,Arts & Entertainment,Food,Nightlife Spot,Outdoors & Recreation,Shop & Service,Travel & Transport,Latitude,Longitude
0,Aberdeen,Hong Kong,1,0.0,0.6666666666666666,0.0,0.09523809523809523,0.09523809523809523,0.14285714285714285,22.2487691,114.155954
1,Adelaide,Toronto,1,0.025,0.65,0.025,0.05,0.1,0.15,43.6508092,-79.3779166084407
2,Admiralty,Hong Kong,1,0.023809523809523808,0.6190476190476191,0.07142857142857142,0.047619047619047616,0.14285714285714285,0.09523809523809523,22.2789208,114.1644982
3,Agincourt,Toronto,4,0.0,0.9166666666666666,0.0,0.0,0.0,0.08333333333333333,43.7853531,-79.2785494
4,Agincourt North,Toronto,10,0.0,0.8,0.0,0.0,0.2,0.0,43.8080383,-79.2664391
5,Akasaka,Tokyo,7,0.05555555555555555,0.7962962962962963,0.018518518518518517,0.037037037037037035,0.05555555555555555,0.037037037037037035,35.6716786,139.7356224
6,Akihabara,Tokyo,3,0.12121212121212123,0.3838383838383838,0.040404040404040414,0.010101010101010102,0.42424242424242425,0.020202020202020204,35.6997364,139.7712503
7,Albion Gardens,Toronto,3,0.0,0.4545454545454545,0.0,0.0,0.5454545454545454,0.0,43.7416654,-79.5845433686249
8,Aljunied,Singapore,7,0.0,0.7692307692307693,0.0,0.07692307692307693,0.07692307692307693,0.07692307692307693,1.3164515,103.8829087
9,Allerton,New York City,2,0.0,0.5,0.0,0.07142857142857142,0.42857142857142855,0.0,40.86578787802982,-73.85931863221647
10,Altstadt,Frankfurt,12,0.14583333333333334,0.5208333333333334,0.10416666666666667,0.10416666666666667,0.125,0.0,50.11104545,8.682935726985411
11,Altstetten,Zurich,9,0.0,0.5882352941176471,0.0,0.05882352941176471,0.29411764705882354,0.05882352941176471,47.3874029,8.4860612
12,Amoy Gardens,Hong Kong,10,0.0,0.7894736842105263,0.0,0.0,0.15789473684210525,0.05263157894736842,22.3246268,114.21645846705299
13,Ang Mo Kio,Singapore,10,0.04166666666666666,0.7083333333333334,0.0,0.04166666666666666,0.20833333333333331,0.0,1.3700733,103.8495157
14,"Aoyama, Minato",Tokyo,9,0.043478260869565216,0.6521739130434783,0.0,0.043478260869565216,0.2608695652173913,0.0,35.6710729,139.7208385
15,Areas of Tokyo,Tokyo,12,0.19230769230769232,0.38461538461538464,0.0,0.07692307692307693,0.2307692307692308,0.1153846153846154,35.7342795,139.712855176159
16,Asagaya,Tokyo,4,0.0,0.8928571428571429,0.03571428571428571,0.0,0.07142857142857142,0.0,35.7031638,139.6362469
17,Asakusa,Tokyo,1,0.029411764705882356,0.6470588235294118,0.08823529411764706,0.0,0.1176470588235294,0.1176470588235294,35.717528,139.797635
18,Bahnhofsviertel,Frankfurt,7,0.0,0.7192982456140351,0.10526315789473684,0.0,0.08771929824561403,0.08771929824561403,50.10774145,8.66873601221096
19,Banchō,Tokyo,0,0.0,0.5454545454545454,0.060606060606060615,0.09090909090909093,0.18181818181818185,0.12121212121212123,35.685423,139.7321922
20,Bankenviertel,Frankfurt,12,0.2857142857142857,0.42857142857142855,0.14285714285714285,0.07142857142857142,0.0,0.07142857142857142,50.110589,8.672952
21,Bath Beach,New York City,1,0.0,0.7,0.1,0.0,0.1,0.1,40.59951870282239,-73.99875221443519
22,Bathurst Quay,Toronto,8,0.0,0.6,0.0,0.2,0.1,0.1,43.63579050000001,-79.398329
23,Battery Park City,New York City,8,0.03125,0.40625,0.03125,0.21875,0.28125,0.03125,40.71193198394565,-74.01686930508617
24,Bay Ridge,New York City,11,0.05,0.6,0.1,0.0,0.25,0.0,40.625801065010656,-74.03062069353813
25,Bay Terrace,New York City,13,0.0,0.2727272727272727,0.0,0.2727272727272727,0.18181818181818185,0.2727272727272727,40.78284280624555,-73.7768022262158
26,Bay Terrace,New York City,13,0.0,0.2727272727272727,0.0,0.2727272727272727,0.18181818181818185,0.2727272727272727,40.55398800858462,-74.13916622175769
27,Bayside,New York City,9,0.0,0.7142857142857143,0.0,0.0,0.2857142857142857,0.0,40.76604063281064,-73.77427363068671
28,Bayview Village,Toronto,3,0.0,0.4,0.0,0.0,0.5,0.1,43.7691966,-79.37666170000001
29,Beixinqiao,Beijing,5,0.07142857142857142,0.7142857142857143,0.21428571428571427,0.0,0.0,0.0,39.93938350000001,116.41087009999998
30,Belmont,New York City,11,0.047619047619047616,0.6190476190476191,0.047619047619047616,0.047619047619047616,0.2380952380952381,0.0,40.85727710073896,-73.88845196134805
31,Berczy Park,Toronto,5,0.07017543859649122,0.5614035087719298,0.15789473684210525,0.05263157894736842,0.07017543859649122,0.08771929824561403,43.64798435,-79.3753959113886
32,Bishan,Singapore,2,0.057142857142857134,0.6,0.0,0.0,0.3428571428571429,0.0,1.3514521000000002,103.8482496
33,Boat Quay,Singapore,5,0.045454545454545456,0.5454545454545454,0.18181818181818185,0.18181818181818185,0.0,0.045454545454545456,1.2859386,103.8521496
34,Boerum Hill,New York City,2,0.0,0.5263157894736842,0.10526315789473684,0.0,0.3684210526315789,0.0,40.68568291209144,-73.98374824115798
35,Boon Keng,Singapore,4,0.0,0.9375,0.0,0.0,0.0625,0.0,1.31956905,103.861748677728
36,Boon Lay,Singapore,0,0.0,0.5454545454545454,0.0,0.0,0.2727272727272727,0.18181818181818185,1.3456401000000002,103.7118018
37,Boon Lay Place,Singapore,0,0.0,0.5454545454545454,0.0,0.18181818181818185,0.2727272727272727,0.0,1.3475171,103.713879916657
38,Bras Basah,Singapore,1,0.16666666666666666,0.6333333333333333,0.06666666666666668,0.0,0.03333333333333333,0.1,1.2968214,103.85066583319599
39,Brickworks,Singapore,4,0.0,1.0,0.0,0.0,0.0,0.0,1.2869332,103.807560113105
40,Brighton Beach,New York City,2,0.0,0.5,0.0,0.08333333333333333,0.4166666666666667,0.0,40.57682506566604,-73.96509448785335
41,Bromley,London,3,0.024390243902439025,0.3170731707317073,0.0,0.07317073170731707,0.5853658536585366,0.0,51.4028046,0.0148142
42,Brooklyn Heights,New York City,2,0.02,0.48,0.0,0.1,0.4,0.0,40.69586372272408,-73.99378225496423
43,Bugis,Singapore,9,0.0,0.625,0.025,0.025,0.275,0.05,1.2999533,103.855278146899
44,Bukit Batok,Singapore,9,0.05,0.7,0.0,0.0,0.25,0.0,1.3490572,103.7495906
45,Bukit Ho Swee,Singapore,4,0.0,0.9642857142857144,0.0,0.0,0.03571428571428571,0.0,1.2879953000000002,103.828564415084
46,Bukit Merah,Singapore,9,0.0,0.6,0.0,0.1,0.3,0.0,1.2806275,103.8305915
47,Bushwick,New York City,10,0.0,0.7,0.15,0.0,0.15,0.0,40.69811611017901,-73.92525797487045
48,Běixīnjīng,Shanghai,0,0.0,0.5,0.0,0.0,0.3,0.2,31.2188284,121.3681263
49,CN Tower,Toronto,6,0.3428571428571429,0.2857142857142857,0.17142857142857146,0.11428571428571427,0.028571428571428567,0.057142857142857134,43.6425637,-79.3870871832047
50,Cabbagetown,Toronto,11,0.037037037037037035,0.5925925925925926,0.07407407407407407,0.0,0.2962962962962963,0.0,43.6644734,-79.36698609999998
51,Camden,London,5,0.0,0.5454545454545454,0.18181818181818185,0.09090909090909093,0.09090909090909093,0.09090909090909093,51.5423045,-0.1395604
52,Carnegie Hill,New York City,0,0.060606060606060615,0.3636363636363637,0.09090909090909093,0.15151515151515152,0.3333333333333333,0.0,40.7826825671257,-73.95325646837112
53,Caroline Hill,Hong Kong,4,0.0,1.0,0.0,0.0,0.0,0.0,22.2765367,114.186479
54,Carroll Gardens,New York City,0,0.0,0.5208333333333334,0.08333333333333333,0.08333333333333333,0.2916666666666667,0.02083333333333333,40.68054023107649,-73.99465372828006
55,Causeway Bay,Hong Kong,9,0.0,0.6818181818181818,0.022727272727272728,0.022727272727272728,0.25,0.022727272727272728,22.280208,114.1848407
56,Central Bay Street,Toronto,10,0.0,0.7,0.03333333333333333,0.1,0.16666666666666666,0.0,43.660912,-79.3858973
57,Central District,Hong Kong,5,0.0,0.5714285714285714,0.21428571428571427,0.03571428571428571,0.14285714285714285,0.03571428571428571,22.2813223,114.16025790000002
58,Central Harlem,New York City,5,0.05,0.6,0.2,0.1,0.05,0.0,40.81597606742414,-73.94321112603905
59,Chai Wan,Hong Kong,7,0.0,0.8181818181818182,0.0,0.09090909090909093,0.0,0.09090909090909093,22.26478335,114.237238369322
60,Chelsea,New York City,5,0.03125,0.59375,0.1875,0.03125,0.09375,0.0625,40.744034706747975,-74.00311633472813
61,Chelsea,New York City,5,0.03125,0.59375,0.1875,0.03125,0.09375,0.0625,40.59472602746296,-74.18956045519691
62,Cheung Chau,Hong Kong,7,0.0,0.7333333333333333,0.06666666666666668,0.13333333333333333,0.0,0.06666666666666668,22.2096137,114.029637050045
63,Chinatown,New York City,11,0.03773584905660377,0.6415094339622641,0.07547169811320754,0.03773584905660377,0.16981132075471694,0.03773584905660377,40.71561842231432,-73.99427936255978
64,Chinatown,Singapore,1,0.017543859649122806,0.631578947368421,0.05263157894736842,0.0,0.17543859649122806,0.12280701754385966,1.2837372,103.8437976
65,Chinatown,Toronto,10,0.0,0.7692307692307693,0.05128205128205128,0.0,0.1794871794871795,0.0,43.6529237,-79.3980316
66,Chong Boon,Singapore,9,0.0,0.6666666666666666,0.0,0.0,0.25,0.08333333333333333,1.36820695,103.856360356937
67,Christie,Toronto,7,0.0,0.7419354838709677,0.12903225806451613,0.06451612903225806,0.06451612903225806,0.0,43.6641106,-79.4184051
68,Church and Wellesley,Toronto,9,0.0625,0.65625,0.03125,0.0625,0.1875,0.0,43.6655242,-79.3838011
69,City,Zurich,0,0.03125,0.4375,0.15625,0.09375,0.1875,0.09375,47.3729425,8.5353456
70,City Hall,Singapore,11,0.04878048780487805,0.6097560975609756,0.07317073170731707,0.0,0.2195121951219512,0.04878048780487805,1.2928611,103.8526887
71,City Island,New York City,11,0.14285714285714285,0.5714285714285714,0.07142857142857142,0.0,0.21428571428571427,0.0,40.847246704918135,-73.78648845267412
72,City Line,New York City,3,0.0,0.35714285714285715,0.0,0.0,0.6428571428571429,0.0,40.67856995727479,-73.86797598081334
73,City One Shatin,Hong Kong,10,0.0,0.76,0.0,0.0,0.2,0.04,22.38661755,114.203511767598
74,Civic Center,New York City,8,0.05555555555555555,0.5277777777777778,0.027777777777777776,0.25,0.1388888888888889,0.0,40.71522892046282,-74.00541529873355
75,Clarke Quay,Singapore,5,0.0,0.5128205128205128,0.1794871794871795,0.07692307692307693,0.1282051282051282,0.10256410256410256,1.28818655,103.84639555444201
76,Clementi,Singapore,4,0.0,0.8666666666666667,0.0,0.0,0.13333333333333333,0.0,1.3140256,103.7624098
77,Clifford Pier,Singapore,5,0.0,0.7222222222222222,0.19444444444444445,0.05555555555555555,0.0,0.027777777777777776,1.28394665,103.853537790268
78,Clinton,New York City,12,0.20833333333333331,0.3333333333333333,0.16666666666666666,0.14583333333333334,0.10416666666666667,0.04166666666666666,40.75910089146212,-73.99611936309479
79,Clinton Hill,New York City,11,0.0,0.6363636363636364,0.09090909090909093,0.030303030303030307,0.21212121212121213,0.030303030303030307,40.69322942188151,-73.96784306216367
80,Cobble Hill,New York City,8,0.0,0.4545454545454545,0.09090909090909093,0.2727272727272727,0.18181818181818185,0.0,40.687919722485574,-73.99856139218463
81,College Point,New York City,9,0.0,0.6875,0.0,0.0,0.25,0.0625,40.78490274926021,-73.84304528896125
82,Commerce Court,Toronto,1,0.03333333333333333,0.6833333333333333,0.05,0.03333333333333333,0.13333333333333333,0.06666666666666668,43.64809515,-79.3790207204735
83,Commonwealth,Singapore,9,0.05263157894736842,0.631578947368421,0.0,0.05263157894736842,0.21052631578947367,0.05263157894736842,1.3024428,103.7983085
84,Concourse,New York City,14,0.07692307692307693,0.4615384615384616,0.0,0.0,0.2307692307692308,0.2307692307692308,40.83428380733851,-73.91558941773444
85,Corona,New York City,7,0.0,0.8181818181818182,0.0,0.09090909090909093,0.09090909090909093,0.0,40.74238175015667,-73.85682497345258
86,Crawford,Singapore,4,0.0,0.9166666666666666,0.0,0.0,0.0,0.08333333333333333,1.30558585,103.863087656683
87,Crown Heights,New York City,9,0.05882352941176471,0.5882352941176471,0.0,0.0,0.29411764705882354,0.05882352941176471,40.67082917695294,-73.94329119073582
88,Croydon,London,12,0.08695652173913042,0.39130434782608703,0.2608695652173913,0.0,0.2608695652173913,0.0,51.3713049,-0.101957
89,Cyberport,Hong Kong,1,0.05263157894736842,0.631578947368421,0.0,0.10526315789473684,0.10526315789473684,0.10526315789473684,22.2606968,114.130286314354
90,Cáojiādù,Shanghai,2,0.0,0.6086956521739131,0.0,0.043478260869565216,0.3478260869565217,0.0,31.2316799,121.4226329
91,"Daikanyamachō, Shibuya",Tokyo,2,0.021739130434782608,0.5869565217391305,0.043478260869565216,0.043478260869565216,0.3043478260869565,0.0,35.6497628,139.7024277
92,Dashilan,Beijing,2,0.0,0.5555555555555556,0.0,0.05555555555555555,0.3333333333333333,0.05555555555555555,39.8944985,116.390172
93,Davisville North,Toronto,4,0.0,0.9333333333333332,0.0,0.0,0.06666666666666668,0.0,43.7043123,-79.38851690000001
94,Deer Park,Toronto,7,0.0,0.7826086956521741,0.06521739130434782,0.06521739130434782,0.08695652173913042,0.0,43.68809,-79.39409350000003
95,Design Exchange,Toronto,10,0.04838709677419355,0.7096774193548387,0.03225806451612903,0.04838709677419355,0.1129032258064516,0.04838709677419355,43.6477412,-79.3801145
96,Dhoby Ghaut,Singapore,0,0.027777777777777776,0.5277777777777778,0.0,0.1111111111111111,0.2777777777777778,0.05555555555555555,1.29935345,103.845308566721
97,Diamond Hill,Hong Kong,11,0.13333333333333333,0.6,0.0,0.0,0.2,0.06666666666666668,22.34003055,114.20160909603901
98,Discovery Bay,Hong Kong,10,0.0,0.7272727272727273,0.045454545454545456,0.09090909090909093,0.13636363636363635,0.0,22.2973688,114.016528
99,Don Mills North,Toronto,2,0.0,0.5,0.0,0.0,0.4375,0.0625,43.775347,-79.3459439
100,Downtown,New York City,10,0.03571428571428571,0.6964285714285714,0.03571428571428571,0.017857142857142856,0.19642857142857145,0.017857142857142856,40.69084402109802,-73.98346337431099
101,Dufferin,Toronto,5,0.0,0.55,0.25,0.0,0.2,0.0,43.6602019,-79.4357191
102,Dumbo,New York City,8,0.0625,0.4375,0.0,0.25,0.25,0.0,40.70317632822693,-73.98875280745041
103,Dǎpǔqiáo,Shanghai,5,0.04166666666666666,0.5833333333333334,0.25,0.04166666666666666,0.08333333333333333,0.0,31.2082863,121.4639412
104,Ealing,London,9,0.018867924528301886,0.6415094339622641,0.05660377358490566,0.0,0.2641509433962264,0.018867924528301886,51.5126553,-0.3051952
105,East Harlem,New York City,0,0.03571428571428571,0.5,0.03571428571428571,0.14285714285714285,0.2857142857142857,0.0,40.79224946663033,-73.94418223148523
106,East Tremont,New York City,0,0.0,0.4615384615384616,0.07692307692307693,0.07692307692307693,0.2307692307692308,0.15384615384615385,40.84269615786053,-73.88735617532338
107,East Village,New York City,5,0.010101010101010102,0.6161616161616161,0.202020202020202,0.040404040404040414,0.13131313131313133,0.0,40.727846777270244,-73.98222616506415
108,East Williamsburg,New York City,12,0.16666666666666666,0.4666666666666667,0.26666666666666666,0.0,0.1,0.0,40.70849241041548,-73.93885815269195
109,"Ebisu, Shibuya",Tokyo,7,0.0,0.79,0.11,0.02,0.08,0.0,35.646437799999994,139.7102101
110,Eltingville,New York City,9,0.0,0.6666666666666666,0.0,0.09523809523809523,0.19047619047619047,0.047619047619047616,40.542230747450745,-74.1643308041936
111,Enfield,London,3,0.02083333333333333,0.3541666666666667,0.04166666666666666,0.0,0.5416666666666666,0.04166666666666666,51.6520851,-0.08101749999999999
112,Escher Wyss,Zurich,0,0.05,0.4,0.0,0.1,0.25,0.2,47.39089910000001,8.5153597
113,Exhibition Place,Toronto,6,0.42857142857142855,0.35714285714285715,0.07142857142857142,0.07142857142857142,0.07142857142857142,0.0,43.63381345,-79.417140724094
114,Fairview,Toronto,7,0.0,0.7272727272727273,0.0,0.18181818181818185,0.0,0.09090909090909093,43.653963,-79.38720699999998
115,Far Rockaway,New York City,9,0.0,0.6875,0.0,0.0,0.3125,0.0,40.603134432500894,-73.75497968043872
116,Farrer Park,Singapore,4,0.0,0.8518518518518519,0.0,0.0,0.037037037037037035,0.1111111111111111,1.31259105,103.854228847827
117,Fernvale,Singapore,9,0.04,0.68,0.0,0.0,0.28,0.0,1.3904635,103.8770826
118,Financial District,New York City,0,0.04,0.54,0.06,0.14,0.2,0.02,40.707107107270474,-74.01066544521271
119,First Canadian Place,Toronto,7,0.01818181818181818,0.7636363636363637,0.09090909090909093,0.054545454545454536,0.03636363636363636,0.03636363636363636,43.64876810000001,-79.3816917928303
120,Flatiron,New York City,0,0.017857142857142856,0.4642857142857143,0.017857142857142856,0.17857142857142858,0.32142857142857145,0.0,40.73967304763842,-73.99094710528259
121,Flushing,New York City,8,0.14285714285714285,0.42857142857142855,0.0,0.21428571428571427,0.14285714285714285,0.07142857142857142,40.76445419697846,-73.83177300329581
122,Fordham,New York City,3,0.02631578947368421,0.3157894736842105,0.0,0.10526315789473684,0.5263157894736842,0.02631578947368421,40.86099679638654,-73.89642655981623
123,Forest Hill West,Toronto,2,0.08333333333333333,0.5833333333333334,0.0,0.0,0.3333333333333333,0.0,43.701028,-79.4255998
124,Fort Greene,New York City,8,0.03571428571428571,0.5357142857142857,0.07142857142857142,0.17857142857142858,0.17857142857142858,0.0,40.68852726018977,-73.97290574369092
125,Fort Hamilton,New York City,10,0.05,0.7,0.05,0.05,0.15,0.0,40.61476812694226,-74.03197914537985
126,Fortress Hill,Hong Kong,7,0.028571428571428567,0.8,0.057142857142857134,0.0,0.057142857142857134,0.057142857142857134,22.287563100000003,114.1933149
127,Fresh Meadows,New York City,3,0.0,0.2,0.0,0.0,0.5,0.3,40.7343944653313,-73.78271337003264
128,Fulton Ferry,New York City,8,0.07692307692307693,0.41025641025641024,0.07692307692307693,0.2564102564102564,0.02564102564102564,0.15384615384615385,40.70328109093014,-73.99550751888415
129,Gallus,Frankfurt,1,0.0,0.6666666666666666,0.0,0.08333333333333333,0.16666666666666666,0.08333333333333333,50.10365845,8.63670648468984
130,Garden District,Toronto,5,0.06666666666666668,0.6333333333333333,0.13333333333333333,0.06666666666666668,0.06666666666666668,0.03333333333333333,43.6564995,-79.3771141
131,Gewerbeschule,Zurich,7,0.02127659574468085,0.7446808510638298,0.1276595744680851,0.02127659574468085,0.0425531914893617,0.0425531914893617,47.3838176,8.5300864
132,Ghim Moh,Singapore,4,0.0,0.8421052631578947,0.0,0.05263157894736842,0.05263157894736842,0.05263157894736842,1.311558,103.788797
133,Golden Mile,Toronto,7,0.0,0.8235294117647058,0.0,0.0,0.05882352941176471,0.1176470588235294,43.7278414,-79.2876217
134,Gombak,Singapore,4,0.0,0.9,0.0,0.0,0.1,0.0,1.360768,103.7495341
135,Gramercy,New York City,2,0.027027027027027032,0.4594594594594595,0.08108108108108109,0.054054054054054064,0.35135135135135137,0.027027027027027032,40.737209832715,-73.98137594833541
136,Grange Park,Toronto,12,0.2222222222222222,0.4444444444444444,0.0,0.05555555555555555,0.2777777777777778,0.0,43.6521966,-79.39231921757991
137,Grant City,New York City,0,0.0,0.5,0.0,0.1,0.3,0.1,40.57621558711788,-74.10585598545434
138,Great Kills,New York City,2,0.0,0.5789473684210527,0.10526315789473684,0.0,0.3157894736842105,0.0,40.549480228713605,-74.14932381490992
139,Greenpoint,New York City,2,0.0,0.5151515151515151,0.060606060606060615,0.09090909090909093,0.3333333333333333,0.0,40.7302009848647,-73.95424093127394
140,Greenwich ,London,6,0.4166666666666667,0.16666666666666666,0.08333333333333333,0.25,0.0,0.08333333333333333,51.4820845,-0.0045417
141,Greenwich Village,New York City,2,0.08,0.55,0.05,0.02,0.3,0.0,40.72693288536128,-73.99991402945902
142,Hamilton Heights,New York City,5,0.0,0.6071428571428571,0.25,0.07142857142857142,0.07142857142857142,0.0,40.823604284811935,-73.94968791883366
143,Hammersmith and Fulham ,London,11,0.03773584905660377,0.5849056603773585,0.09433962264150944,0.05660377358490566,0.1509433962264151,0.07547169811320754,51.4920377,-0.2236401
144,Happy Valley,Hong Kong,4,0.0,1.0,0.0,0.0,0.0,0.0,22.267237,114.1869671
145,Harajuku,Tokyo,2,0.05434782608695652,0.4891304347826087,0.0,0.03260869565217391,0.4239130434782609,0.0,35.6687049,139.70533569999998
146,Harbourfront,Toronto,1,0.06818181818181818,0.5681818181818182,0.045454545454545456,0.11363636363636365,0.09090909090909093,0.11363636363636365,43.64008010000001,-79.3801495
147,Hatsudai,Tokyo,12,0.18032786885245905,0.4918032786885246,0.09836065573770493,0.016393442622950817,0.21311475409836064,0.0,35.6816399,139.68712390000002
148,Havering,London,5,0.0,0.75,0.25,0.0,0.0,0.0,51.54436870000001,-0.144303179891979
149,Heng Fa Chuen,Hong Kong,4,0.0,0.9166666666666666,0.0,0.0,0.08333333333333333,0.0,22.27785875,114.240264469279
150,Hibiya,Tokyo,5,0.08333333333333333,0.625,0.10416666666666667,0.10416666666666667,0.02083333333333333,0.0625,35.67376429999999,139.75833930000002
151,"Higashi, Shibuya",Tokyo,11,0.0625,0.5833333333333334,0.08333333333333333,0.0,0.2708333333333333,0.0,35.70647520000001,139.6828466
152,Hillcrest,New York City,7,0.0,0.7222222222222222,0.05555555555555555,0.05555555555555555,0.1111111111111111,0.05555555555555555,40.723824901829204,-73.79760300912672
153,"Hitotsubashi, Chiyoda",Tokyo,7,0.0,0.8,0.06666666666666668,0.0,0.1,0.03333333333333333,35.6929572,139.7575158
154,Ho Man Tin,Hong Kong,10,0.0,0.7272727272727273,0.0,0.09090909090909093,0.18181818181818185,0.0,22.3159018,114.1800713
155,Homecrest,New York City,9,0.0,0.65,0.05,0.0,0.25,0.05,40.598525095137255,-73.95918459428701
156,"Honmachi, Shibuya",Tokyo,12,0.19642857142857145,0.5178571428571429,0.08928571428571429,0.03571428571428571,0.16071428571428573,0.0,35.68158915,139.685102274126
157,Hougang,Singapore,9,0.0,0.72,0.0,0.0,0.24,0.04,1.3719043,103.892725
158,Hounslow,London,2,0.0,0.5652173913043478,0.0,0.0,0.43478260869565216,0.0,51.46861320000001,-0.3613471
159,Howard Beach,New York City,9,0.0,0.7,0.0,0.05,0.25,0.0,40.65422527738487,-73.83813764600279
160,Hudson Yards,New York City,12,0.13043478260869565,0.3478260869565217,0.13043478260869565,0.17391304347826084,0.17391304347826084,0.043478260869565216,40.75665808227519,-74.00011136202637
161,Huguenot,New York City,2,0.0,0.5833333333333334,0.0,0.0,0.4166666666666667,0.0,40.53191192048961,-74.19174105747814
162,Hung Hom,Hong Kong,1,0.07692307692307693,0.6923076923076923,0.0,0.0,0.0,0.2307692307692308,22.3028568,114.18203242951
163,Hunters Point,New York City,10,0.03571428571428571,0.6964285714285714,0.05357142857142857,0.08928571428571429,0.125,0.0,40.743414090073536,-73.95386782130745
164,Höngg,Zurich,0,0.0,0.4166666666666667,0.0,0.08333333333333333,0.3333333333333333,0.16666666666666666,47.4016604,8.4977145
165,Ichigaya,Tokyo,11,0.04838709677419355,0.5483870967741935,0.12903225806451613,0.016129032258064516,0.25806451612903225,0.0,35.6923511,139.7367426
166,Ikebukuro,Tokyo,5,0.08641975308641975,0.654320987654321,0.19753086419753085,0.012345679012345678,0.037037037037037035,0.012345679012345678,35.73112310000001,139.70893519999998
167,Imado,Tokyo,13,0.0,0.0,0.0,0.3636363636363637,0.4545454545454545,0.18181818181818185,35.71934455,139.803548310237
168,India Bazaar,Toronto,10,0.047619047619047616,0.7142857142857143,0.047619047619047616,0.0,0.19047619047619047,0.0,43.6722231,-79.3235032
169,Innenstadt,Frankfurt,0,0.08,0.4,0.08,0.16,0.28,0.0,50.11287765,8.674921962131151
170,Inwood,New York City,10,0.0,0.7272727272727273,0.060606060606060615,0.0,0.21212121212121213,0.0,40.86768396449915,-73.92121042203897
171,Islington,London,0,0.054054054054054064,0.4864864864864865,0.10810810810810813,0.10810810810810813,0.2432432432432433,0.0,51.5384287,-0.0999051
172,Islington,Toronto,10,0.0,0.7333333333333333,0.06666666666666668,0.06666666666666668,0.13333333333333333,0.0,43.6453376,-79.52486999999998
173,Jackson Heights,New York City,9,0.0,0.7,0.0,0.0,0.3,0.0,40.75198138007367,-73.88282109164366
174,Jamaica Center,New York City,3,0.0,0.42857142857142855,0.0,0.03571428571428571,0.5357142857142857,0.0,40.70465736068717,-73.79690165888289
175,Jingūmae,Tokyo,2,0.1,0.5,0.0,0.025,0.325,0.05,35.6695337,139.7027842
176,Jiuxianqiao,Beijing,9,0.0,0.631578947368421,0.05263157894736842,0.0,0.2631578947368421,0.05263157894736842,39.96707620000001,116.4836705
177,Joo Koon,Singapore,1,0.0,0.5882352941176471,0.0,0.05882352941176471,0.17647058823529413,0.17647058823529413,1.327735,103.6782221
178,Jordan,Hong Kong,7,0.0,0.7948717948717948,0.05128205128205128,0.0,0.02564102564102564,0.1282051282051282,22.3048099,114.17171572242701
179,Jurong East,Singapore,9,0.05172413793103448,0.6551724137931034,0.017241379310344827,0.03448275862068965,0.2413793103448276,0.0,1.333115,103.7422968
180,Jurong West Central,Singapore,4,0.018867924528301886,0.8490566037735849,0.0,0.018867924528301886,0.11320754716981132,0.0,1.3396365,103.7073387
181,Kabukichō,Tokyo,5,0.08080808080808081,0.5858585858585859,0.26262626262626265,0.0,0.060606060606060615,0.010101010101010102,35.6936102,139.7019015
182,Kagurazaka,Tokyo,2,0.02564102564102564,0.5128205128205128,0.1282051282051282,0.0,0.3333333333333333,0.0,35.70388900000001,139.734222
183,Kampong Glam,Singapore,5,0.06666666666666668,0.6222222222222222,0.13333333333333333,0.06666666666666668,0.022222222222222227,0.08888888888888889,1.30128,103.8599267
184,Kanda,Tokyo,5,0.0,0.6666666666666666,0.26666666666666666,0.0,0.04444444444444445,0.022222222222222227,35.6937148,139.7708898
185,Katong,Singapore,1,0.0,0.7142857142857143,0.0,0.07142857142857142,0.07142857142857142,0.14285714285714285,1.3057886,103.8976313
186,Kennedy Town,Hong Kong,4,0.0,0.8823529411764706,0.0,0.05882352941176471,0.029411764705882356,0.029411764705882356,22.28131165,114.12916039816601
187,Kensington,New York City,9,0.0625,0.625,0.0,0.0,0.3125,0.0,40.64238195800353,-73.98042110559473
188,Kensington Market,Toronto,11,0.01694915254237288,0.6271186440677966,0.11864406779661014,0.0,0.2033898305084746,0.03389830508474576,43.6552136,-79.4022604
189,Kensington and Chelsea,London,11,0.0625,0.59375,0.0625,0.03125,0.25,0.0,51.4989948,-0.1991229
190,Kent Ridge,Singapore,7,0.0,0.8125,0.0625,0.0,0.0625,0.0625,1.2933012,103.7844127
191,Kichijōji,Tokyo,10,0.05,0.69,0.12,0.0,0.14,0.0,35.70314129999999,139.5803077
192,King,Toronto,7,0.03448275862068965,0.6724137931034483,0.08620689655172414,0.06896551724137931,0.05172413793103448,0.08620689655172414,43.6489494,-79.3777538
193,King and Spadina,Toronto,11,0.03448275862068965,0.5862068965517241,0.10344827586206896,0.06896551724137931,0.1724137931034483,0.03448275862068965,43.6454561,-79.3949942
194,Kingsbridge,New York City,2,0.0,0.4705882352941176,0.05882352941176471,0.0,0.4117647058823529,0.05882352941176471,40.88168737120521,-73.90281798724605
195,Kingston upon Thames,London,2,0.01492537313432836,0.5373134328358209,0.08955223880597014,0.01492537313432836,0.3283582089552239,0.01492537313432836,51.4096275,-0.3062621
196,Kovan,Singapore,4,0.0,0.9047619047619048,0.0,0.047619047619047616,0.047619047619047616,0.0,1.3599863,103.8848589
197,Kowloon Bay,Hong Kong,10,0.043478260869565216,0.7391304347826086,0.0,0.0,0.17391304347826084,0.043478260869565216,22.323485100000006,114.21410195240699
198,Kowloon City,Hong Kong,4,0.0,0.9318181818181818,0.022727272727272728,0.022727272727272728,0.022727272727272728,0.0,22.3301595,114.1899368
199,Kranji,Singapore,14,0.08333333333333333,0.3333333333333333,0.0,0.16666666666666666,0.0,0.4166666666666667,1.4252189,103.7619891
200,Kwun Chung,Hong Kong,4,0.0,0.8484848484848485,0.0,0.0,0.060606060606060615,0.09090909090909093,22.3043596,114.1707056
201,Kwun Tong,Hong Kong,9,0.02631578947368421,0.6842105263157895,0.0,0.02631578947368421,0.2631578947368421,0.0,22.312937,114.22561
202,Kyōbashi,Tokyo,7,0.07894736842105263,0.7631578947368421,0.05263157894736842,0.0,0.05263157894736842,0.05263157894736842,35.676833,139.770139
203,Kōjimachi,Tokyo,10,0.0,0.7804878048780488,0.04878048780487805,0.0,0.17073170731707318,0.0,35.68402800000001,139.737667
204,Lai Chi Kok,Hong Kong,4,0.0,0.9047619047619048,0.0,0.0,0.09523809523809523,0.0,22.3365244,114.14806913757401
205,Lambeth,London,12,0.1590909090909091,0.5454545454545454,0.06818181818181818,0.06818181818181818,0.06818181818181818,0.09090909090909093,51.50130120000001,-0.117287
206,Langstrasse,Zurich,5,0.07272727272727272,0.5818181818181818,0.2909090909090909,0.01818181818181818,0.01818181818181818,0.01818181818181818,47.3772734,8.5264148
207,Lavender,Singapore,1,0.0,0.7142857142857143,0.0,0.0,0.09523809523809523,0.19047619047619047,1.3073719,103.862772
208,Lawrence Park,Toronto,10,0.0,0.7777777777777778,0.037037037037037035,0.0,0.14814814814814814,0.037037037037037035,43.729199,-79.40325250000002
209,Lenox Hill,New York City,2,0.029411764705882356,0.4705882352941176,0.0,0.05882352941176471,0.4411764705882353,0.0,40.76811265828733,-73.9588596881376
210,Lewisham,London,2,0.0,0.46875,0.03125,0.03125,0.4375,0.03125,51.4624325,-0.0101331
211,Lincoln Square,New York City,6,0.5263157894736842,0.15789473684210525,0.0,0.2368421052631579,0.05263157894736842,0.02631578947368421,40.773528889421655,-73.98533777001262
212,Lindenhof,Zurich,0,0.0,0.4230769230769231,0.21153846153846154,0.1153846153846154,0.19230769230769232,0.0576923076923077,47.37291610000001,8.5401756
213,Little India,Singapore,11,0.05263157894736842,0.631578947368421,0.05263157894736842,0.05263157894736842,0.21052631578947367,0.0,1.3066476,103.8492691
214,Little Italy,New York City,11,0.03,0.6,0.08,0.02,0.24,0.03,40.71932379395907,-73.99730467208073
215,Little Neck,New York City,1,0.0,0.6363636363636364,0.0,0.09090909090909093,0.18181818181818185,0.09090909090909093,40.7708261928267,-73.73889775580741
216,Lok Fu Estate,Hong Kong,10,0.0,0.8125,0.0,0.0,0.1875,0.0,22.3371531,114.186966688633
217,Long Island City,New York City,1,0.0,0.6666666666666666,0.05128205128205128,0.05128205128205128,0.10256410256410256,0.1282051282051282,40.75021734610528,-73.93920223915505
218,Lùjiāzuǐ,Shanghai,11,0.045454545454545456,0.5454545454545454,0.09090909090909093,0.045454545454545456,0.2272727272727273,0.045454545454545456,31.24016825,121.497944636019
219,Ma Liu Shui,Hong Kong,8,0.0,0.375,0.0625,0.25,0.125,0.1875,22.4135688,114.2101033
220,Ma On Shan,Hong Kong,9,0.0,0.7058823529411765,0.0,0.0,0.2352941176470588,0.05882352941176471,22.4232322,114.2318017
221,Mainhattan,Frankfurt,12,0.14893617021276595,0.5106382978723404,0.10638297872340426,0.10638297872340426,0.1276595744680851,0.0,50.1106444,8.682091699999999
222,Manhattanville,New York City,9,0.0,0.6153846153846154,0.0,0.07692307692307693,0.2307692307692308,0.07692307692307693,40.81693442949779,-73.9573853935188
223,Marina Centre,Singapore,12,0.21052631578947367,0.3684210526315789,0.15789473684210525,0.05263157894736842,0.21052631578947367,0.0,1.2904753,103.8520359
224,Maritime Square,Singapore,10,0.0,0.7142857142857143,0.0,0.08571428571428573,0.2,0.0,1.264222,103.8189255
225,Martin Grove,Toronto,5,0.024390243902439025,0.6097560975609756,0.12195121951219512,0.07317073170731707,0.0975609756097561,0.07317073170731707,43.6449033,-79.38183640000003
226,Marunouchi,Tokyo,11,0.060240963855421686,0.5542168674698795,0.060240963855421686,0.03614457831325301,0.21686746987951808,0.07228915662650602,35.6806555,139.76522169999998
227,Maspeth,New York City,2,0.0,0.5263157894736842,0.0,0.0,0.42105263157894735,0.05263157894736842,40.725427374093606,-73.8962171362686
228,Mei Foo Sun Chuen,Hong Kong,2,0.0,0.6,0.0,0.0,0.4,0.0,22.3375208,114.14012016099701
229,Mejiro,Tokyo,10,0.0,0.76,0.0,0.0,0.24,0.0,35.72118610000001,139.7064823
230,Metro City Plaza,Hong Kong,3,0.07692307692307693,0.38461538461538464,0.0,0.0,0.5384615384615384,0.0,22.3242203,114.2569568
231,Midtown,New York City,0,0.03448275862068965,0.4137931034482759,0.08045977011494253,0.11494252873563217,0.26436781609195403,0.09195402298850576,40.754691102706225,-73.98166882730305
232,Midtown South,New York City,0,0.010752688172043013,0.4838709677419355,0.12903225806451613,0.053763440860215055,0.26881720430107525,0.053763440860215055,40.7485096643122,-73.98871313285247
233,Milliken,Toronto,4,0.0,0.8461538461538461,0.0,0.07692307692307693,0.07692307692307693,0.0,43.8231743,-79.30176259999998
234,"Mita, Meguro",Tokyo,4,0.0,0.9047619047619048,0.047619047619047616,0.0,0.047619047619047616,0.0,35.64883905,139.742770674545
235,Mong Kok,Hong Kong,11,0.0,0.6,0.08888888888888889,0.022222222222222227,0.26666666666666666,0.022222222222222227,22.3197491,114.1693644
236,Morningside,Toronto,2,0.0,0.5,0.0,0.0,0.4,0.1,43.7826012,-79.2049579
237,Morrisania,New York City,2,0.0,0.5454545454545454,0.0,0.0,0.3636363636363637,0.09090909090909093,40.823591985855344,-73.90150648943059
238,Mott Haven,New York City,2,0.0,0.5,0.0,0.0,0.4,0.1,40.80623874935177,-73.91609987487574
239,Mountbatten,Singapore,8,0.0,0.5454545454545454,0.0,0.2727272727272727,0.18181818181818185,0.0,1.3062493999999998,103.8824959
240,Mui Wo,Hong Kong,1,0.0,0.65,0.05,0.0,0.15,0.15,22.264544600000004,114.0013059
241,Murray Hill,New York City,7,0.022727272727272728,0.7045454545454546,0.11363636363636365,0.0,0.09090909090909093,0.06818181818181818,40.748303077252174,-73.97833207924127
242,Murray Hill,New York City,7,0.022727272727272728,0.7045454545454546,0.11363636363636365,0.0,0.09090909090909093,0.06818181818181818,40.764126122614066,-73.81276269135866
243,New Dorp,New York City,4,0.0,0.8461538461538461,0.0,0.0,0.07692307692307693,0.07692307692307693,40.57257231820632,-74.1164794360638
244,New Toronto,Toronto,4,0.0,1.0,0.0,0.0,0.0,0.0,43.6007625,-79.505264
245,Ngong Ping,Hong Kong,10,0.0,0.6842105263157895,0.0,0.10526315789473684,0.15789473684210525,0.05263157894736842,22.2557793,113.9043404
246,Nihonbashi,Tokyo,10,0.02083333333333333,0.7916666666666666,0.04166666666666666,0.0,0.14583333333333334,0.0,35.684058,139.774501377979
247,Nishi-Shinjuku,Tokyo,11,0.040816326530612235,0.6326530612244898,0.08163265306122447,0.0,0.1836734693877551,0.061224489795918366,35.69442279999999,139.6927786
248,"Nishihara, Shibuya",Tokyo,11,0.0,0.5961538461538461,0.19230769230769232,0.0,0.17307692307692307,0.038461538461538464,35.6764651,139.67708159999998
249,Nishiogikubo,Tokyo,7,0.08620689655172414,0.7413793103448276,0.1206896551724138,0.0,0.05172413793103448,0.0,35.7040339,139.6004484
250,Noho,New York City,12,0.125,0.5,0.15,0.025,0.175,0.025,40.72325901885768,-73.98843368023597
251,North Midtown,Toronto,10,0.038461538461538464,0.6923076923076923,0.038461538461538464,0.038461538461538464,0.19230769230769232,0.0,43.7051999,-79.39741552147329
252,North Point,Hong Kong,7,0.023809523809523808,0.7619047619047619,0.0,0.023809523809523808,0.047619047619047616,0.14285714285714285,22.2916575,114.1995447
253,North Riverdale,New York City,4,0.0,0.8888888888888888,0.0,0.0,0.1111111111111111,0.0,40.90854282950666,-73.90453054908927
254,North Side,New York City,0,0.027027027027027032,0.5135135135135135,0.13513513513513514,0.08108108108108109,0.2297297297297297,0.013513513513513514,40.714822906532014,-73.95880857587582
255,North Toronto West,Toronto,11,0.08695652173913042,0.5652173913043478,0.13043478260869565,0.043478260869565216,0.17391304347826084,0.0,43.6465466,-79.41952629999999
256,Novena,Singapore,7,0.0,0.8048780487804879,0.024390243902439025,0.024390243902439025,0.07317073170731707,0.07317073170731707,1.32061715,103.843974354385
257,Ochanomizu,Tokyo,11,0.04444444444444445,0.5777777777777777,0.1111111111111111,0.0,0.24444444444444444,0.022222222222222227,35.699593,139.7649185
258,Odaiba,Tokyo,9,0.0,0.6666666666666666,0.0625,0.0,0.22916666666666666,0.04166666666666666,35.626721999999994,139.7721007
259,Oerlikon,Zurich,1,0.043478260869565216,0.6521739130434783,0.08695652173913042,0.0,0.13043478260869565,0.08695652173913042,47.4104211,8.544585099999999
260,Old Town,New York City,3,0.0,0.35714285714285715,0.0,0.0,0.5714285714285714,0.07142857142857142,40.59632891379513,-74.08751118005578
261,Olympian City,Hong Kong,9,0.06666666666666668,0.6666666666666666,0.0,0.0,0.26666666666666666,0.0,22.31643265,114.161605846872
262,Omotesandō,Tokyo,11,0.012345679012345678,0.5802469135802469,0.1111111111111111,0.012345679012345678,0.2839506172839506,0.0,35.6651701,139.7124352
263,Orchard,Singapore,2,0.042105263157894736,0.5684210526315789,0.03157894736842105,0.010526315789473684,0.29473684210526313,0.05263157894736842,1.305272,103.8328757
264,Otome Road,Tokyo,9,0.028169014084507043,0.6619718309859155,0.028169014084507043,0.056338028169014086,0.22535211267605634,0.0,35.7305447,139.71790546696002
265,Ozone Park,New York City,3,0.043478260869565216,0.39130434782608703,0.0,0.043478260869565216,0.43478260869565216,0.08695652173913042,40.680708468265415,-73.84320266173447
266,Park Slope,New York City,2,0.0,0.5454545454545454,0.0,0.045454545454545456,0.4090909090909091,0.0,40.67232052268197,-73.97705030183924
267,Parkdale Village,Toronto,10,0.0,0.7407407407407407,0.0,0.0,0.2222222222222222,0.037037037037037035,43.6404954,-79.4368965
268,Pasir Panjang,Singapore,10,0.0,0.7272727272727273,0.0,0.0,0.18181818181818185,0.09090909090909093,1.27620135,103.79147582341999
269,Pelham Gardens,New York City,2,0.0,0.6,0.0,0.0,0.3333333333333333,0.06666666666666668,40.86296562477997,-73.84161194831223
270,Pelham Parkway,New York City,1,0.0,0.5454545454545454,0.0,0.09090909090909093,0.18181818181818185,0.18181818181818185,40.857413498088654,-73.85475564017999
271,Ping Shek Estate,Hong Kong,14,0.09090909090909093,0.5454545454545454,0.0,0.09090909090909093,0.0,0.2727272727272727,22.33287405,114.209100962472
272,Potong Pasir,Singapore,9,0.0,0.6,0.0,0.0,0.3,0.1,1.3314141000000002,103.869138082237
273,Prince Edward,Hong Kong,10,0.0,0.8,0.028571428571428567,0.0,0.11428571428571427,0.057142857142857134,22.32458615,114.168281508252
274,Prince's Bay,New York City,9,0.0,0.6363636363636364,0.0,0.0,0.3636363636363637,0.0,40.526264067348116,-74.20152556457658
275,Princess Gardens,Toronto,8,0.10526315789473684,0.4736842105263158,0.05263157894736842,0.21052631578947367,0.10526315789473684,0.05263157894736842,43.6404664,-79.39122370000003
276,Prospect Heights,New York City,5,0.0,0.5238095238095238,0.2857142857142857,0.09523809523809523,0.09523809523809523,0.0,40.67682226225472,-73.9648592426269
277,Quarry Bay,Hong Kong,7,0.045454545454545456,0.8181818181818182,0.045454545454545456,0.0,0.045454545454545456,0.045454545454545456,22.2877545,114.2149322
278,Queen's Park,Toronto,4,0.0,1.0,0.0,0.0,0.0,0.0,43.6606092,-79.3905725
279,Queensboro Hill,New York City,10,0.0,0.7777777777777778,0.0,0.0,0.2222222222222222,0.0,40.7445723092867,-73.82580915110559
280,Queensway,Singapore,9,0.0,0.6666666666666666,0.0,0.0,0.3333333333333333,0.0,1.2888152,103.8032129
281,Raffles Place,Singapore,5,0.0,0.5714285714285714,0.2380952380952381,0.14285714285714285,0.0,0.047619047619047616,1.2844077,103.85139
282,Rathaus,Zurich,5,0.01694915254237288,0.576271186440678,0.1694915254237288,0.06779661016949153,0.13559322033898305,0.03389830508474576,47.3726493,8.5443108
283,Red Hook,New York City,3,0.0625,0.4375,0.0625,0.0,0.4375,0.0,40.67625323025089,-74.01275897473559
284,Rego Park,New York City,2,0.0,0.5,0.0,0.14285714285714285,0.35714285714285715,0.0,40.728974094807356,-73.85782686905371
285,Repulse Bay,Hong Kong,8,0.0,0.5,0.0,0.1875,0.1875,0.125,22.2381085,114.1963176
286,Richmond Hill,New York City,0,0.0,0.5,0.07142857142857142,0.07142857142857142,0.2857142857142857,0.07142857142857142,40.69794731471763,-73.83183321446889
287,River Valley,Singapore,4,0.0,0.9285714285714286,0.0,0.03571428571428571,0.03571428571428571,0.0,1.3083982,103.8861489
288,Riverdale,Toronto,10,0.0,0.6818181818181818,0.045454545454545456,0.045454545454545456,0.18181818181818185,0.045454545454545456,43.6654704,-79.35259359999998
289,Robertson Quay,Singapore,7,0.02,0.7,0.14,0.04,0.0,0.1,1.29040905,103.83812675642
290,Rochor,Singapore,11,0.08333333333333333,0.6666666666666666,0.08333333333333333,0.0,0.16666666666666666,0.0,1.30326565,103.852426096399
291,Rochor Canal,Singapore,1,0.0,0.6896551724137931,0.03448275862068965,0.0,0.06896551724137931,0.20689655172413796,1.3038431,103.8528609
292,Rockaway Beach,New York City,8,0.0,0.5454545454545454,0.0,0.18181818181818185,0.18181818181818185,0.09090909090909093,40.58280169684559,-73.82236121088752
293,Roncesvalles,Toronto,11,0.05263157894736842,0.5789473684210527,0.15789473684210525,0.0,0.21052631578947367,0.0,43.6514426,-79.45103809999998
294,Roppongi,Tokyo,7,0.06,0.74,0.17,0.0,0.02,0.01,35.663561,139.73191409999998
295,Royal York South East,Toronto,10,0.09523809523809523,0.7619047619047619,0.0,0.0,0.14285714285714285,0.0,43.64818270000001,-79.5112961
296,Runnymede,Toronto,10,0.0,0.7307692307692307,0.038461538461538464,0.0,0.2307692307692308,0.0,43.6517026,-79.4759978
297,Ryerson,Toronto,7,0.08333333333333333,0.75,0.04166666666666666,0.08333333333333333,0.0,0.04166666666666666,43.65846945,-79.3789932724589
298,Sachsenhausen,Frankfurt,10,0.0,0.7857142857142857,0.07142857142857142,0.0,0.14285714285714285,0.0,50.1002618,8.6835988
299,Sai Kung Town,Hong Kong,7,0.025,0.75,0.075,0.05,0.075,0.025,22.3822489,114.2728277
300,Sai Wan Ho,Hong Kong,1,0.0,0.75,0.0,0.0,0.125,0.125,22.2816256,114.2222894
301,Sai Ying Pun,Hong Kong,4,0.0,0.912280701754386,0.017543859649122806,0.03508771929824561,0.03508771929824561,0.0,22.286121,114.1420862
302,San'ya,Tokyo,0,0.05882352941176471,0.4705882352941176,0.05882352941176471,0.0,0.29411764705882354,0.1176470588235294,35.7327141,139.7979399
303,Sanlitun,Beijing,10,0.0,0.7068965517241379,0.10344827586206896,0.0,0.15517241379310345,0.03448275862068965,39.9361049,116.4488126
304,Sasazuka,Tokyo,2,0.015384615384615384,0.4923076923076923,0.04615384615384616,0.0,0.4153846153846154,0.030769230769230767,35.6736448,139.6671205
305,Scarborough Town Centre,Toronto,3,0.02631578947368421,0.3157894736842105,0.0,0.0,0.631578947368421,0.02631578947368421,43.7761341,-79.25843763592171
306,Seefeld,Zurich,12,0.2,0.5,0.2,0.0,0.1,0.0,47.3577831,8.5510737
307,Sembawang,Singapore,10,0.0,0.7692307692307693,0.0,0.0,0.15384615384615385,0.07692307692307693,1.4480646,103.8207604
308,Sendagaya,Tokyo,8,0.07142857142857142,0.35714285714285715,0.07142857142857142,0.2857142857142857,0.21428571428571427,0.0,35.6812658,139.7113311
309,Sengkang,Singapore,10,0.0,0.7142857142857143,0.0,0.047619047619047616,0.19047619047619047,0.047619047619047616,1.3909486999999998,103.8951748
310,Serangoon Garden,Singapore,7,0.0,0.7857142857142857,0.03571428571428571,0.07142857142857142,0.03571428571428571,0.07142857142857142,1.3624579,103.8660127
311,Serangoon North,Singapore,9,0.07142857142857142,0.6428571428571429,0.0,0.0,0.2857142857142857,0.0,1.3713383,103.8727563
312,Sha Tin,Hong Kong,10,0.022222222222222227,0.7333333333333333,0.022222222222222227,0.0,0.2,0.022222222222222227,22.3810557,114.18887920000002
313,Sham Tseng,Hong Kong,4,0.0,0.8666666666666667,0.0,0.0,0.13333333333333333,0.0,22.3686196,114.05880390000002
314,Shau Kei Wan,Hong Kong,10,0.038461538461538464,0.8076923076923077,0.0,0.0,0.1153846153846154,0.038461538461538464,22.2790972,114.2286665
315,Shek O,Hong Kong,7,0.0,0.7058823529411765,0.05882352941176471,0.1176470588235294,0.0,0.1176470588235294,22.230753600000003,114.2510366
316,Shek Tong Tsui,Hong Kong,7,0.037037037037037035,0.7407407407407407,0.037037037037037035,0.037037037037037035,0.07407407407407407,0.07407407407407407,22.287735,114.1345987
317,Sheung Wan,Hong Kong,1,0.0,0.71875,0.03125,0.03125,0.125,0.09375,22.2868701,114.150267
318,"Shiba, Minato",Tokyo,8,0.06666666666666668,0.4,0.0,0.3333333333333333,0.13333333333333333,0.06666666666666668,35.65537335,139.75026536117
319,Shimokitazawa,Tokyo,5,0.14516129032258066,0.5645161290322581,0.1935483870967742,0.0,0.0967741935483871,0.0,35.6616779,139.6663345
320,Shin-Kiba,Tokyo,14,0.0,0.3548387096774194,0.03225806451612903,0.0,0.1935483870967742,0.41935483870967744,35.6461826,139.82804280000002
321,Shin-Koiwa,Tokyo,11,0.03636363636363636,0.6,0.10909090909090907,0.01818181818181818,0.2363636363636364,0.0,35.71695020000001,139.8579929
322,Shinjuku Golden Gai,Tokyo,5,0.10294117647058824,0.5147058823529411,0.29411764705882354,0.0,0.07352941176470587,0.014705882352941175,35.69411595,139.704629323619
323,Shinjuku Ni-chōme,Tokyo,5,0.05084745762711865,0.6271186440677966,0.23728813559322035,0.01694915254237288,0.05084745762711865,0.01694915254237288,35.6889929,139.7085362
324,Shiodome,Tokyo,5,0.08695652173913042,0.5942028985507246,0.2028985507246377,0.028985507246376805,0.028985507246376805,0.05797101449275361,35.6646201,139.76048930000002
325,Shitaya,Tokyo,2,0.03448275862068965,0.5172413793103449,0.03448275862068965,0.0,0.3103448275862069,0.10344827586206896,35.71160289999999,139.779676556859
326,Shuangjing,Beijing,10,0.05555555555555555,0.7777777777777778,0.0,0.0,0.16666666666666666,0.0,39.8920933,116.4552314
327,Silverthorn,Toronto,9,0.0,0.7,0.0,0.0,0.3,0.0,43.682123,-79.4715724
328,Singapore River,Singapore,5,0.0,0.42105263157894735,0.2894736842105263,0.10526315789473684,0.10526315789473684,0.07894736842105263,1.28917835,103.84515431766
329,Siu Sai Wan,Hong Kong,9,0.0,0.6875,0.0,0.0625,0.25,0.0,22.263727300000006,114.25020790000002
330,Soho,New York City,3,0.1,0.16,0.0,0.04,0.7,0.0,40.72218384131794,-74.0006566695976
331,Sok Kwu Wan,Hong Kong,7,0.0,0.7692307692307693,0.0,0.15384615384615385,0.0,0.07692307692307693,22.2047065,114.1312705
332,South Niagara,Toronto,2,0.0,0.4489795918367347,0.08163265306122447,0.040816326530612235,0.42857142857142855,0.0,43.64467020000001,-79.4091943
333,South Side,New York City,5,0.0,0.5952380952380952,0.2380952380952381,0.07142857142857142,0.09523809523809523,0.0,40.71086147265064,-73.95800095153331
334,South of Bloor,Toronto,2,0.1111111111111111,0.4166666666666667,0.05555555555555555,0.027777777777777776,0.3611111111111111,0.027777777777777776,43.66766165,-79.3946979735188
335,Southern Islands,Singapore,14,0.07142857142857142,0.42857142857142855,0.07142857142857142,0.0,0.0,0.42857142857142855,1.2710889,103.86328
336,Southwark,London,5,0.075,0.625,0.2,0.025,0.05,0.025,51.5029222,-0.103458
337,St. George,New York City,2,0.1,0.5,0.1,0.0,0.3,0.0,40.6449815710044,-74.07935312512797
338,Stapleton,New York City,3,0.0,0.2777777777777778,0.0,0.05555555555555555,0.6111111111111112,0.05555555555555555,40.626927625381754,-74.07790192660066
339,Steinway,New York City,8,0.0,0.5,0.07142857142857142,0.21428571428571427,0.21428571428571427,0.0,40.7759230156429,-73.90228960391673
340,Straits View,Singapore,7,0.0,0.6976744186046512,0.11627906976744184,0.13953488372093026,0.02325581395348837,0.02325581395348837,1.2782163,103.8525322
341,Studio District,Toronto,7,0.03773584905660377,0.6792452830188679,0.07547169811320754,0.07547169811320754,0.03773584905660377,0.09433962264150944,43.6492881,-79.3767903
342,Sugamo,Tokyo,12,0.1,0.4666666666666667,0.13333333333333333,0.03333333333333333,0.2,0.06666666666666668,35.7334119,139.73942730000002
343,Summerhill East,Toronto,3,0.0,0.35714285714285715,0.03571428571428571,0.10714285714285714,0.5,0.0,43.6816776,-79.3905037
344,Sungei Road,Singapore,1,0.0,0.7,0.0,0.0,0.1,0.2,1.3047848999999998,103.8565878
345,Sunnyside,New York City,9,0.0,0.6363636363636364,0.0,0.18181818181818185,0.18181818181818185,0.0,40.74017628351925,-73.92691617561577
346,Sunnyside,New York City,9,0.0,0.6363636363636364,0.0,0.18181818181818185,0.18181818181818185,0.0,40.61276015756489,-74.0971255217853
347,Sunnyside Gardens,New York City,0,0.0,0.42105263157894735,0.21052631578947367,0.10526315789473684,0.2631578947368421,0.0,40.74565180608076,-73.91819286431682
348,Sunset Park,New York City,2,0.0,0.5625,0.0,0.0625,0.375,0.0,40.64510294925429,-74.01031618527784
349,Sutton Place,New York City,0,0.0,0.5,0.06521739130434782,0.17391304347826084,0.2608695652173913,0.0,40.760280331313744,-73.96355614094303
350,Tai Hang,Hong Kong,4,0.0,0.8636363636363636,0.045454545454545456,0.045454545454545456,0.0,0.045454545454545456,22.277203600000004,114.1937838
351,Tai Kok Tsui,Hong Kong,4,0.0,0.90625,0.03125,0.0,0.0,0.0625,22.3207508,114.1603513
352,Tai O,Hong Kong,7,0.045454545454545456,0.7727272727272727,0.0,0.045454545454545456,0.045454545454545456,0.09090909090909093,22.2541524,113.8636197
353,Tai Wai,Hong Kong,1,0.0,0.5882352941176471,0.05882352941176471,0.0,0.17647058823529413,0.17647058823529413,22.3730706,114.178887389217
354,Taikoo Shing,Hong Kong,7,0.03571428571428571,0.8214285714285714,0.03571428571428571,0.03571428571428571,0.03571428571428571,0.03571428571428571,22.28759825,114.21520735567499
355,Takadanobaba,Tokyo,5,0.125,0.6,0.2,0.0,0.075,0.0,35.71273585,139.703974396755
356,Tamachi,Tokyo,4,0.0,0.8571428571428571,0.07142857142857142,0.0,0.07142857142857142,0.0,35.6457358,139.7476833
357,Tanjong Pagar,Singapore,7,0.0,0.813953488372093,0.09302325581395347,0.02325581395348837,0.0,0.06976744186046513,1.2765707,103.845848
358,Tateishi,Tokyo,5,0.02,0.52,0.24,0.02,0.16,0.04,35.738182,139.8480553
359,The Beaches,Toronto,3,0.0,0.4516129032258064,0.06451612903225806,0.0,0.4838709677419355,0.0,43.6710244,-79.296712
360,The Danforth West,Toronto,8,0.07692307692307693,0.4615384615384616,0.0,0.2307692307692308,0.15384615384615385,0.07692307692307693,43.6864333,-79.30035550000002
361,The Junction North,Toronto,11,0.0,0.5862068965517241,0.13793103448275862,0.06896551724137931,0.20689655172413796,0.0,43.6654775,-79.470352
362,The Kingsway,Toronto,10,0.07407407407407407,0.7777777777777778,0.037037037037037035,0.0,0.1111111111111111,0.0,43.6473811,-79.51133279999998
363,The Peak,Hong Kong,0,0.05555555555555555,0.5,0.027777777777777776,0.1111111111111111,0.2222222222222222,0.08333333333333333,22.2699166,114.15066670000002
364,Thistletown,Toronto,10,0.0,0.8,0.0,0.0,0.2,0.0,43.7372656,-79.56531690000001
365,Thorncliffe Park,Toronto,3,0.0,0.3636363636363637,0.0,0.18181818181818185,0.4545454545454545,0.0,43.704553,-79.3454074
366,Tianqiao,Beijing,6,0.6,0.2,0.0,0.0,0.1,0.1,39.8812136,116.3922937
367,Tin Hau,Hong Kong,7,0.0,0.7407407407407407,0.037037037037037035,0.1111111111111111,0.07407407407407407,0.037037037037037035,22.2822771,114.1919173
368,Tin Shui Wai,Hong Kong,14,0.0,0.4,0.1,0.0,0.2,0.3,22.4596112,114.0022375
369,Tiong Bahru,Singapore,7,0.0,0.8095238095238095,0.0,0.047619047619047616,0.09523809523809523,0.047619047619047616,1.2861968,103.8257646
370,Tiu Keng Leng / Rennie's Mill,Hong Kong,9,0.0,0.6666666666666666,0.0,0.0,0.25,0.08333333333333333,22.3040753,114.2523705
371,Toa Payoh,Singapore,4,0.08333333333333333,0.8333333333333334,0.0,0.0,0.08333333333333333,0.0,1.3353906,103.8497414
372,Tomigaya,Tokyo,7,0.0,0.7916666666666666,0.08333333333333333,0.0,0.08333333333333333,0.04166666666666666,35.6678503,139.6879915
373,Toronto Dominion Centre,Toronto,7,0.032786885245901634,0.7049180327868853,0.08196721311475409,0.06557377049180327,0.09836065573770493,0.016393442622950817,43.64736955,-79.3813733580709
374,Tower Hamlets,London,13,0.0,0.2,0.1,0.3,0.3,0.1,51.49595675,-0.011744492532098
375,Toyosu,Tokyo,9,0.0,0.6875,0.02083333333333333,0.02083333333333333,0.2708333333333333,0.0,35.6549298,139.796174
376,Tribeca,New York City,8,0.10714285714285714,0.3928571428571429,0.03571428571428571,0.25,0.17857142857142858,0.03571428571428571,40.721521967443216,-74.01068328559087
377,Trinity,Toronto,3,0.0,0.3555555555555556,0.022222222222222227,0.1111111111111111,0.5111111111111111,0.0,43.6537966,-79.3824316857722
378,Tsim Sha Tsui,Hong Kong,11,0.0,0.5925925925925926,0.07407407407407407,0.0,0.2222222222222222,0.1111111111111111,22.298872,114.1741181
379,Tsim Sha Tsui East,Hong Kong,11,0.0,0.5686274509803921,0.1176470588235294,0.0,0.19607843137254904,0.1176470588235294,22.2971803,114.1722049
380,Tsuen Wan,Hong Kong,4,0.0,0.875,0.0,0.0,0.125,0.0,22.3716605,114.1134699
381,Tsz Wan Shan,Hong Kong,7,0.0,0.7333333333333333,0.0,0.13333333333333333,0.06666666666666668,0.06666666666666668,22.3486715,114.1999443
382,Tudor City,New York City,8,0.0,0.45,0.0,0.45,0.05,0.05,40.7469174107402,-73.97121928722265
383,Tung Chung,Hong Kong,2,0.0,0.4642857142857143,0.017857142857142856,0.03571428571428571,0.44642857142857145,0.03571428571428571,22.2892575,113.94149102803
384,Turtle Bay,New York City,0,0.03225806451612903,0.3548387096774194,0.12903225806451613,0.16129032258064516,0.1935483870967742,0.12903225806451613,40.752042369507215,-73.96770824581834
385,Tángqiáo,Shanghai,11,0.047619047619047616,0.5714285714285714,0.047619047619047616,0.047619047619047616,0.2380952380952381,0.047619047619047616,31.21163615,121.5143028
386,"Uehara, Shibuya",Tokyo,7,0.0,0.8333333333333334,0.16666666666666666,0.0,0.0,0.0,35.647968,139.74665480000002
387,Ueno,Tokyo,11,0.0,0.6451612903225806,0.16129032258064516,0.0,0.1935483870967742,0.0,35.71175870000001,139.7776445
388,Underground city,Toronto,3,0.0,0.4545454545454545,0.0,0.0,0.4545454545454545,0.09090909090909093,43.7701454,-79.3748625
389,Union Station,Toronto,0,0.054054054054054064,0.4594594594594595,0.13513513513513514,0.054054054054054064,0.21621621621621626,0.08108108108108109,43.6446934,-79.38013200585969
390,Unterstrass,Zurich,8,0.0,0.6,0.0,0.2,0.2,0.0,47.3914474,8.5395724
391,Upper East Side,New York City,3,0.08,0.4,0.0,0.0,0.48,0.04,40.77563857330181,-73.96050763135
392,Upper West Side,New York City,11,0.08,0.56,0.12,0.04,0.2,0.0,40.787657998534854,-73.97705923630603
393,Ushigome,Tokyo,3,0.05882352941176471,0.35294117647058826,0.1176470588235294,0.0,0.4705882352941176,0.0,35.69946760000001,139.7255875
394,Utopia,New York City,8,0.2,0.5,0.0,0.2,0.1,0.0,40.733500254297574,-73.79671678028348
395,Van Nest,New York City,10,0.0,0.7,0.0,0.1,0.2,0.0,40.84360847124718,-73.86629918075609
396,Victoria Hotel,Toronto,0,0.0,0.35714285714285715,0.07142857142857142,0.14285714285714285,0.2857142857142857,0.14285714285714285,43.66946915,-79.37326825
397,Waltham Forest,London,0,0.0,0.5238095238095238,0.047619047619047616,0.047619047619047616,0.19047619047619047,0.19047619047619047,51.55699910000001,-0.0058352
398,Wan Chai,Hong Kong,1,0.0,0.6666666666666666,0.0,0.0,0.08333333333333333,0.25,22.2790146,114.17248329999998
399,Wandsworth,London,3,0.0,0.38461538461538464,0.07692307692307693,0.07692307692307693,0.4615384615384616,0.0,51.4570271,-0.1932607
400,Wang Tau Hom,Hong Kong,9,0.047619047619047616,0.6666666666666666,0.0,0.09523809523809523,0.19047619047619047,0.0,22.3404231,114.1865742
401,Washington Heights,New York City,9,0.0,0.575,0.025,0.075,0.275,0.05,40.851902525553044,-73.93690027985234
402,Werd,Zurich,7,0.0,0.8,0.1,0.0,0.1,0.0,47.3719907,8.526782
403,West Brighton,New York City,10,0.0,0.8461538461538461,0.0,0.0,0.15384615384615385,0.0,40.631878926546065,-74.1071817826561
404,West Coast,Singapore,9,0.0,0.6666666666666666,0.0,0.0,0.3055555555555556,0.027777777777777776,1.3033734,103.76418057555
405,West Hill,Toronto,2,0.0,0.5294117647058824,0.05882352941176471,0.0,0.35294117647058826,0.05882352941176471,43.7689144,-79.1872905
406,West Village,New York City,0,0.04819277108433735,0.4578313253012048,0.12048192771084335,0.04819277108433735,0.3132530120481928,0.012048192771084338,40.734433935724354,-74.00617998126813
407,Westchester Square,New York City,2,0.0,0.5714285714285714,0.07142857142857142,0.0,0.35714285714285715,0.0,40.8406194964327,-73.84219407604444
408,Westminster,London,12,0.2,0.25,0.25,0.05,0.15,0.1,51.5013562,-0.1249302
409,Wexford,Toronto,2,0.0,0.5625,0.0625,0.0,0.3125,0.0625,43.74537670000001,-79.29471550000002
410,Wexford Heights,Toronto,1,0.0,0.7272727272727273,0.0,0.0,0.09090909090909093,0.18181818181818185,43.7432421,-79.304641
411,Whampoa Garden,Hong Kong,10,0.0,0.7391304347826086,0.0,0.08695652173913042,0.17391304347826084,0.0,22.3050958,114.1906104
412,Williamsburg,New York City,5,0.0,0.7222222222222222,0.2222222222222222,0.05555555555555555,0.0,0.0,40.707144393442505,-73.95811529220926
413,Willowdale,Toronto,11,0.0,0.64,0.08,0.04,0.24,0.0,43.7615095,-79.4109234
414,Windsor Terrace,New York City,2,0.0,0.5833333333333334,0.08333333333333333,0.0,0.3333333333333333,0.0,40.65694583575104,-73.98007340430172
415,Wipkingen,Zurich,0,0.0,0.5,0.1,0.1,0.2,0.1,47.3934951,8.5286022
416,Woburn,Toronto,3,0.0,0.35294117647058826,0.0,0.05882352941176471,0.5882352941176471,0.0,43.7598243,-79.2252908
417,Woodlands,Singapore,9,0.045454545454545456,0.6818181818181818,0.022727272727272728,0.022727272727272728,0.2272727272727273,0.0,1.436897,103.786216
418,Woodlawn,New York City,3,0.0,0.3333333333333333,0.26666666666666666,0.0,0.4,0.0,40.898272612138044,-73.86731496814177
419,Woodrow,New York City,2,0.0,0.6,0.0,0.05,0.35,0.0,40.541967622888755,-74.20524582480327
420,Woodside,New York City,9,0.0,0.631578947368421,0.02631578947368421,0.0,0.3157894736842105,0.02631578947368421,40.746349088602216,-73.90184166838284
421,Wu Kai Sha,Hong Kong,1,0.0,0.6153846153846154,0.0,0.0,0.2307692307692308,0.15384615384615385,22.4291708,114.243982680896
422,Xiaoguan,Beijing,14,0.0,0.4736842105263158,0.15789473684210525,0.05263157894736842,0.0,0.3157894736842105,39.9141622,116.4105446
423,Xújiāhuì,Shanghai,10,0.0,0.8095238095238095,0.0,0.0,0.19047619047619047,0.0,31.1963162,121.4313608
424,Yanesen,Tokyo,2,0.03125,0.5,0.03125,0.03125,0.375,0.03125,35.7278656,139.7648235
425,Yau Ma Tei,Hong Kong,1,0.0,0.7179487179487181,0.0,0.0,0.10256410256410256,0.1794871794871795,22.3123646,114.170778874557
426,Yau Tong,Hong Kong,10,0.0,0.7368421052631579,0.0,0.0,0.21052631578947367,0.05263157894736842,22.2975047,114.2383245
427,Yew Tee,Singapore,4,0.0,0.9,0.0,0.0,0.1,0.0,1.3974678,103.7473332
428,Yishun,Singapore,9,0.06451612903225806,0.6774193548387096,0.0,0.03225806451612903,0.2258064516129032,0.0,1.4293839,103.8350282
429,York Mills,Toronto,7,0.0,0.7692307692307693,0.0,0.15384615384615385,0.0,0.07692307692307693,43.7440391,-79.406657
430,York University,Toronto,1,0.0,0.7083333333333334,0.0,0.08333333333333333,0.125,0.08333333333333333,43.7738011,-79.49982044701329
431,Yorkville,New York City,3,0.0,0.43478260869565216,0.043478260869565216,0.08695652173913042,0.43478260869565216,0.0,40.77592984988488,-73.94711784471826
432,Yorkville,Toronto,2,0.017543859649122806,0.5789473684210527,0.03508771929824561,0.03508771929824561,0.3157894736842105,0.017543859649122806,43.67138610000001,-79.3901677
433,Yotsuya,Tokyo,11,0.03448275862068965,0.5172413793103449,0.15517241379310345,0.05172413793103448,0.15517241379310345,0.08620689655172414,35.6861799,139.72937119999997
434,Yoyogi,Tokyo,11,0.061728395061728385,0.6419753086419753,0.1111111111111111,0.012345679012345678,0.1728395061728395,0.0,35.6835674,139.7015461
435,Yuen Long,Hong Kong,4,0.0,0.8518518518518519,0.0,0.0,0.1111111111111111,0.037037037037037035,22.442646300000003,114.0304342
436,Yung Shue Wan,Hong Kong,10,0.0,0.7647058823529411,0.1176470588235294,0.0,0.1176470588235294,0.0,22.22557,114.1117117
437,Yùyuán,Shanghai,7,0.04166666666666666,0.75,0.0,0.125,0.08333333333333333,0.0,31.2289274,121.487975198943
438,Yōga,Tokyo,9,0.0,0.6363636363636364,0.060606060606060615,0.030303030303030307,0.24242424242424246,0.030303030303030307,35.6266477,139.6341719
439,Zhongguancun,Beijing,9,0.0,0.6666666666666666,0.0,0.0,0.2222222222222222,0.1111111111111111,39.9826335,116.3104743
440,Zōshigaya,Tokyo,1,0.05555555555555555,0.5555555555555556,0.0,0.05555555555555555,0.16666666666666666,0.16666666666666666,35.7201652,139.7147443
441,one-north,Singapore,4,0.0,0.8888888888888888,0.037037037037037035,0.037037037037037035,0.037037037037037035,0.0,1.2996073,103.7872407
442,Āntíng Zhèn,Shanghai,1,0.09090909090909093,0.6363636363636364,0.0,0.0,0.09090909090909093,0.18181818181818185,31.29036385,121.15751476111099
443,"Ōmori, Ōta",Tokyo,11,0.027027027027027032,0.581081081081081,0.054054054054054064,0.040540540540540536,0.28378378378378377,0.013513513513513514,35.5884735,139.7279334
